Caloric Content of foods,,,,,,,,,
Food,Measure,Weight (g),kCal,Fat (g),Carbo(g),Protein (g),KCal / g,Prot/g,Carbs/g
"1000 Island, Salad Drsng,Local",1 Tbsp,15,25,2,2,0,1.6666666667,0,0.1333333333
"1000 Island, Salad Drsng,Reglr",1 Tbsp,16,60,6,2,0,3.75,0,0.125
"40% Bran Flakes, Kellogg's",1 oz,28.35,90,1,22,4,3.1746031746,0.1410934744,0.7760141093
"40% Bran Flakes, Post",1 oz,28.35,90,0,22,3,3.1746031746,0.1058201058,0.7760141093
"Alfalfa Seeds, Sprouted, Raw",1 Cup,33,10,0,1,1,0.303030303,0.0303030303,0.0303030303
All-Bran Cereal,1 oz,28.35,70,1,21,4,2.4691358025,0.1410934744,0.7407407407
"Almonds, Slivered",1 Cup,135,795,70,28,27,5.8888888889,0.2,0.2074074074
"Almonds, Whole",1 oz,28.35,165,15,6,6,5.8201058201,0.2116402116,0.2116402116
"Angelfood Cake, From Mix",1 Cake,635,1510,2,342,38,2.3779527559,0.0598425197,0.5385826772
"Angelfood Cake, From Mix",1 Piece,53,125,0,29,3,2.358490566,0.0566037736,0.5471698113
"Apple Juice, Canned",1 Cup,248,115,0,29,0,0.4637096774,0,0.1169354839
Apple Pie,1 Pie,945,2420,105,360,21,2.5608465608,0.0222222222,0.380952381
Apple Pie,1 Piece,158,405,18,60,3,2.5632911392,0.0189873418,0.3797468354
"Apples, Dried, Sulfured",10 Rings,64,155,0,42,1,2.421875,0.015625,0.65625
"Apples, Raw, Peeled, Sliced",1 Cup,110,65,0,16,0,0.5909090909,0,0.1454545455
"Apples, Raw, Unpeeled,2 Per Lb",1 Apple,212,125,1,32,0,0.5896226415,0,0.1509433962
"Apples, Raw, Unpeeled,3 Per Lb",1 Apple,138,80,0,21,0,0.5797101449,0,0.152173913
"Applesauce, Canned, Sweetened",1 Cup,255,195,0,51,0,0.7647058824,0,0.2
"Applesauce, Canned,Unsweetened",1 Cup,244,105,0,28,0,0.4303278689,0,0.1147540984
"Apricot Nectar, No Added Vit C",1 Cup,251,140,0,36,1,0.5577689243,0.0039840637,0.1434262948
"Apricot, Canned, Heavy Syrup",1 Cup,258,215,0,55,1,0.8333333333,0.003875969,0.2131782946
"Apricot, Canned, Heavy Syrup",3 Halves,85,70,0,18,0,0.8235294118,0,0.2117647059
"Apricots, Canned, Juice Pack",1 Cup,248,120,0,31,2,0.4838709677,0.0080645161,0.125
"Apricots, Canned, Juice Pack",3 Halves,84,40,0,10,1,0.4761904762,0.0119047619,0.119047619
"Apricots, Dried, Cooked,Unswtn",1 Cup,250,210,0,55,3,0.84,0.012,0.22
"Apricots, Dried, Uncooked",1 Cup,130,310,1,80,5,2.3846153846,0.0384615385,0.6153846154
"Apricots, Raw",3 Aprcot,106,50,0,12,1,0.4716981132,0.0094339623,0.1132075472
"Artichokes, Globe, Cooked, Drn",1 Artchk,120,55,0,12,3,0.4583333333,0.025,0.1
"Asparagus, Ckd Frm Frz,Dr,Sper",4 Spears,60,15,0,3,2,0.25,0.0333333333,0.05
"Asparagus, Ckd Frm Frz,Drn,Cut",1 Cup,180,50,1,9,5,0.2777777778,0.0277777778,0.05
"Asparagus, Ckd Frm Raw, Dr,Cut",1 Cup,180,45,1,8,5,0.25,0.0277777778,0.0444444444
"Asparagus, Ckd Frm Raw,Dr,Sper",4 Spears,60,15,0,3,2,0.25,0.0333333333,0.05
"Asparagus,Canned,Spears,Nosalt",4 Spears,80,10,0,2,1,0.125,0.0125,0.025
"Asparagus,Canned,Spears,W/Salt",4 Spears,80,10,0,2,1,0.125,0.0125,0.025
"Avocados, California",1 Avocdo,173,305,30,12,4,1.7630057803,0.0231213873,0.0693641618
"Avocados, Florida",1 Avocdo,304,340,27,27,5,1.1184210526,0.0164473684,0.0888157895
"Bagels, Egg",1 Bagel,68,200,2,38,7,2.9411764706,0.1029411765,0.5588235294
"Bagels, Plain",1 Bagel,68,200,2,38,7,2.9411764706,0.1029411765,0.5588235294
"Baking Powder, Low Sodium",1 Tsp,4.3,5,0,1,0,1.1627906977,0,0.2325581395
"Baking Powder, Strght Phosphat",1 Tsp,3.8,5,0,1,0,1.3157894737,0,0.2631578947
"Baking Powder,Sas, Ca Po4",1 Tsp,3,5,0,1,0,1.6666666667,0,0.3333333333
"Baking Powder,Sas,Capo4+Caso4",1 Tsp,2.9,5,0,1,0,1.724137931,0,0.3448275862
"Baking Pwdr Biscuits,From Mix",1 Biscut,28,95,3,14,2,3.3928571429,0.0714285714,0.5
"Baking Pwdr Biscuits,Homerecpe",1 Biscut,28,100,5,13,2,3.5714285714,0.0714285714,0.4642857143
"Baking Pwdr Biscuits,Refrgdogh",1 Biscut,20,65,2,10,1,3.25,0.05,0.5
"Bamboo Shoots, Canned, Drained",1 Cup,131,25,1,4,2,0.1908396947,0.0152671756,0.0305343511
Bananas,1 Banana,114,105,1,27,1,0.9210526316,0.0087719298,0.2368421053
"Bananas, Sliced",1 Cup,150,140,1,35,2,0.9333333333,0.0133333333,0.2333333333
Barbecue Sauce,1 Tbsp,16,10,0,2,0,0.625,0,0.125
"Barley, Pearled,Light, Uncookd",1 Cup,200,700,2,158,16,3.5,0.08,0.79
"Bean Sprouts, Mung, Cookd,Dran",1 Cup,124,25,0,5,3,0.2016129032,0.0241935484,0.0403225806
"Bean Sprouts, Mung, Raw",1 Cup,104,30,0,6,3,0.2884615385,0.0288461538,0.0576923077
"Bean With Bacon Soup, Canned",1 Cup,253,170,6,23,8,0.6719367589,0.0316205534,0.0909090909
"Beans,Dry,Canned,W/Frankfurter",1 Cup,255,365,18,32,19,1.431372549,0.0745098039,0.1254901961
"Beans,Dry,Canned,W/Pork+Swtsce",1 Cup,255,385,12,54,16,1.5098039216,0.062745098,0.2117647059
"Beans,Dry,Canned,W/Pork+Tomsce",1 Cup,255,310,7,48,16,1.2156862745,0.062745098,0.1882352941
"Beef And Vegetable Stew,Hm Rcp",1 Cup,245,220,11,15,16,0.8979591837,0.0653061224,0.0612244898
"Beef Broth, Boulln, Consm,Cnnd",1 Cup,240,15,1,0,3,0.0625,0.0125,0
"Beef Gravy, Canned",1 Cup,233,125,5,11,9,0.5364806867,0.0386266094,0.0472103004
"Beef Heart, Braised",3 oz,85,150,5,0,24,1.7647058824,0.2823529412,0
"Beef Liver, Fried",3 oz,85,185,7,7,23,2.1764705882,0.2705882353,0.0823529412
"Beef Noodle Soup, Canned",1 Cup,244,85,3,9,5,0.3483606557,0.0204918033,0.0368852459
"Beef Potpie, Home Recipe",1 Piece,210,515,30,39,21,2.4523809524,0.1,0.1857142857
"Beef Roast, Eye O Rnd, Lean",2.6 oz,75,135,5,0,22,1.8,0.2933333333,0
"Beef Roast, Eye O Rnd,Lean+Fat",3 oz,85,205,12,0,23,2.4117647059,0.2705882353,0
"Beef Roast, Rib, Lean + Fat",3 oz,85,315,26,0,19,3.7058823529,0.2235294118,0
"Beef Roast, Rib, Lean Only",2.2 oz,61,150,9,0,17,2.4590163934,0.2786885246,0
"Beef Steak,Sirloin,Broil,Lean",2.5 oz,72,150,6,0,22,2.0833333333,0.3055555556,0
"Beef Steak,Sirloin,Broil,Ln+Ft",3 oz,85,240,15,0,23,2.8235294118,0.2705882353,0
"Beef, Canned, Corned",3 oz,85,185,10,0,22,2.1764705882,0.2588235294,0
"Beef, Ckd,Bttm Round,Lean Only",2.8 oz,78,175,8,0,25,2.2435897436,0.3205128205,0
"Beef, Ckd,Bttm Round,Lean+ Fat",3 oz,85,220,13,0,25,2.5882352941,0.2941176471,0
"Beef, Ckd,Chuck Blade,Lean+Fat",3 oz,85,325,26,0,22,3.8235294118,0.2588235294,0
"Beef, Ckd,Chuck Blade,Leanonly",2.2 oz,62,170,9,0,19,2.7419354839,0.3064516129,0
"Beef, Dried, Chipped",2.5 oz,72,145,4,0,24,2.0138888889,0.3333333333,0
"Beer, Light",12 fl oz,355,95,0,5,1,0.2676056338,0.0028169014,0.014084507
"Beer, Regular",12 fl oz,360,150,0,13,1,0.4166666667,0.0027777778,0.0361111111
"Beet Greens, Cooked, Drained",1 Cup,144,40,0,8,4,0.2777777778,0.0277777778,0.0555555556
"Beets, Canned, Drained,No Salt",1 Cup,170,55,0,12,2,0.3235294118,0.0117647059,0.0705882353
"Beets, Canned, Drained,W/ Salt",1 Cup,170,55,0,12,2,0.3235294118,0.0117647059,0.0705882353
"Beets, Cooked, Drained, Diced",1 Cup,170,55,0,11,2,0.3235294118,0.0117647059,0.0647058824
"Beets, Cooked, Drained, Whole",2 Beets,100,30,0,7,1,0.3,0.01,0.07
"Black Beans, Dry, Cooked,Drand",1 Cup,171,225,1,41,15,1.3157894737,0.0877192982,0.2397660819
"Blackberries, Raw",1 Cup,144,75,1,18,1,0.5208333333,0.0069444444,0.125
"Blackeye Peas, Immatr,Raw,Cked",1 Cup,165,180,1,30,13,1.0909090909,0.0787878788,0.1818181818
"Blackeye Peas,Immtr,Frzn,Cked",1 Cup,170,225,1,40,14,1.3235294118,0.0823529412,0.2352941176
"Black-Eyed Peas, Dry, Cooked",1 Cup,250,190,1,35,13,0.76,0.052,0.14
Blue Cheese,1 oz,28.35,100,8,1,6,3.5273368607,0.2116402116,0.0352733686
Blue Cheese Salad Dressing,1 Tbsp,15,75,8,1,1,5,0.0666666667,0.0666666667
"Blueberries, Frozen, Sweetened",10 oz,284,230,0,62,1,0.8098591549,0.0035211268,0.2183098592
"Blueberries, Frozen, Sweetened",1 Cup,230,185,0,50,1,0.8043478261,0.0043478261,0.2173913043
"Blueberries, Raw",1 Cup,145,80,1,20,1,0.5517241379,0.0068965517,0.1379310345
"Blueberry Muffins, Home Recipe",1 Muffin,45,135,5,20,3,3,0.0666666667,0.4444444444
"Blueberry Muffins,From Com Mix",1 Muffin,45,140,5,22,3,3.1111111111,0.0666666667,0.4888888889
Blueberry Pie,1 Pie,945,2285,102,330,23,2.417989418,0.0243386243,0.3492063492
Blueberry Pie,1 Piece,158,380,17,55,4,2.4050632911,0.0253164557,0.3481012658
Bologna,2 Slices,57,180,16,2,7,3.1578947368,0.1228070175,0.0350877193
"Boston Brown Bread,W/Whtecrnm",1 Slice,45,95,1,21,2,2.1111111111,0.0444444444,0.4666666667
"Boston Brown Bread,W/Yllwcrnml",1 Slice,45,95,1,21,2,2.1111111111,0.0444444444,0.4666666667
"Bouillon, Dehydrtd, Unprepared",1 Pkt,6,15,1,1,1,2.5,0.1666666667,0.1666666667
"Bran Muffins, From Commerl Mix",1 Muffin,45,140,4,24,3,3.1111111111,0.0666666667,0.5333333333
"Bran Muffins, Home Recipe",1 Muffin,45,125,6,19,3,2.7777777778,0.0666666667,0.4222222222
Braunschweiger,2 Slices,57,205,18,2,8,3.5964912281,0.1403508772,0.0350877193
Brazil Nuts,1 oz,28.35,185,19,4,4,6.5255731922,0.1410934744,0.1410934744
"Bread Stuffing,From Mx,Drytype",1 Cup,140,500,31,50,9,3.5714285714,0.0642857143,0.3571428571
"Bread Stuffing,From Mx,Moist",1 Cup,203,420,26,40,9,2.0689655172,0.0443349754,0.197044335
"Breadcrumbs, Dry, Grated",1 Cup,100,390,5,73,13,3.9,0.13,0.73
"Broccoli, Frzn, Cooked, Draned",1 Piece,30,10,0,2,1,0.3333333333,0.0333333333,0.0666666667
"Broccoli, Frzn, Cooked, Draned",1 Cup,185,50,0,10,6,0.2702702703,0.0324324324,0.0540540541
"Broccoli, Raw",1 Spear,151,40,1,8,4,0.2649006623,0.0264900662,0.0529801325
"Broccoli, Raw, Cooked, Drained",1 Spear,180,50,1,10,5,0.2777777778,0.0277777778,0.0555555556
"Broccoli, Raw, Cooked, Drained",1 Cup,155,45,0,9,5,0.2903225806,0.0322580645,0.0580645161
"Brown And Serve Sausage,Brwnd",1 Link,13,50,5,0,2,3.8461538462,0.1538461538,0
Brown Gravy From Dry Mix,1 Cup,261,80,2,14,3,0.30651341,0.0114942529,0.0536398467
"Brownies W/ Nuts,Frm Home Recp",1 Browne,20,95,6,11,1,4.75,0.05,0.55
"Brownies W/ Nuts,Frstng,Cmmrcl",1 Browne,25,100,4,16,1,4,0.04,0.64
"Brussels Sprouts, Frzn, Cooked",1 Cup,155,65,1,13,6,0.4193548387,0.0387096774,0.0838709677
"Brussels Sprouts, Raw, Cooked",1 Cup,155,60,1,13,4,0.3870967742,0.0258064516,0.0838709677
"Buckwheat Flour, Light, Sifted",1 Cup,98,340,1,78,6,3.4693877551,0.0612244898,0.7959183673
"Bulgur, Uncooked",1 Cup,170,600,3,129,19,3.5294117647,0.1117647059,0.7588235294
"Butter, Salted",1/2 Cup,113,810,92,0,1,7.1681415929,0.0088495575,0
"Butter, Salted",1 Tbsp,14,100,11,0,0,7.1428571429,0,0
"Butter, Salted",1 Pat,5,35,4,0,0,7,0,0
"Butter, Unsalted",1/2 Cup,113,810,92,0,1,7.1681415929,0.0088495575,0
"Butter, Unsalted",1 Tbsp,14,100,11,0,0,7.1428571429,0,0
"Butter, Unsalted",1 Pat,5,35,4,0,0,7,0,0
"Buttermilk, Dried",1 Cup,120,465,7,59,41,3.875,0.3416666667,0.4916666667
"Buttermilk, Fluid",1 Cup,245,100,2,12,8,0.4081632653,0.0326530612,0.0489795918
"Cabbage, Chinese, Pak-Choi,Ckd",1 Cup,170,20,0,3,3,0.1176470588,0.0176470588,0.0176470588
"Cabbage, Chinese,Pe-Tsai, Raw",1 Cup,76,10,0,2,1,0.1315789474,0.0131578947,0.0263157895
"Cabbage, Common, Cooked, Drned",1 Cup,150,30,0,7,1,0.2,0.0066666667,0.0466666667
"Cabbage, Common, Raw",1 Cup,70,15,0,4,1,0.2142857143,0.0142857143,0.0571428571
"Cabbage, Red, Raw",1 Cup,70,20,0,4,1,0.2857142857,0.0142857143,0.0571428571
"Cabbage, Savoy, Raw",1 Cup,70,20,0,4,1,0.2857142857,0.0142857143,0.0571428571
"Cake Or Pastry Flour, Sifted",1 Cup,96,350,1,76,7,3.6458333333,0.0729166667,0.7916666667
Camembert Cheese,1 Wedge,38,115,9,0,8,3.0263157895,0.2105263158,0
"Cantaloup, Raw",1/2 Meln,267,95,1,22,2,0.3558052434,0.0074906367,0.0823970037
Cap'n Crunch Cereal,1 oz,28.35,120,3,23,1,4.2328042328,0.0352733686,0.811287478
"Caramels, Plain Or Chocolate",1 oz,28.35,115,3,22,1,4.0564373898,0.0352733686,0.7760141093
Carob Flour,1 Cup,140,255,0,126,6,1.8214285714,0.0428571429,0.9
"Carrot Cake,Cremchese Frst,Rec",1 Cake,1536,6175,328,775,63,4.0201822917,0.041015625,0.5045572917
"Carrot Cake,Cremchese Frst,Rec",1 Piece,96,385,21,48,4,4.0104166667,0.0416666667,0.5
"Carrots, Canned, Drn, W/ Salt",1 Cup,146,35,0,8,1,0.2397260274,0.0068493151,0.0547945205
"Carrots, Canned,Drnd, W/O Salt",1 Cup,146,35,0,8,1,0.2397260274,0.0068493151,0.0547945205
"Carrots, Cooked From Frozen",1 Cup,146,55,0,12,2,0.3767123288,0.0136986301,0.0821917808
"Carrots, Cooked From Raw",1 Cup,156,70,0,16,2,0.4487179487,0.0128205128,0.1025641026
"Carrots, Raw, Grated",1 Cup,110,45,0,11,1,0.4090909091,0.0090909091,0.1
"Carrots, Raw, Whole",1 Carrot,72,30,0,7,1,0.4166666667,0.0138888889,0.0972222222
"Cashew Nuts, Dry Roastd,Salted",1 oz,28.35,165,13,9,4,5.8201058201,0.1410934744,0.3174603175
"Cashew Nuts, Dry Roastd,Unsalt",1 Cup,137,785,63,45,21,5.7299270073,0.1532846715,0.3284671533
"Cashew Nuts, Dry Roastd,Unsalt",1 oz,28.35,165,13,9,4,5.8201058201,0.1410934744,0.3174603175
"Cashew Nuts, Dry Roasted,Saltd",1 Cup,137,785,63,45,21,5.7299270073,0.1532846715,0.3284671533
"Cashew Nuts, Oil Roastd,Salted",1 Cup,130,750,63,37,21,5.7692307692,0.1615384615,0.2846153846
"Cashew Nuts, Oil Roastd,Salted",1 oz,28.35,165,14,8,5,5.8201058201,0.176366843,0.2821869489
"Cashew Nuts, Oil Roastd,Unsalt",1 Cup,130,750,63,37,21,5.7692307692,0.1615384615,0.2846153846
"Cashew Nuts, Oil Roastd,Unsalt",1 oz,28.35,165,14,8,5,5.8201058201,0.176366843,0.2821869489
Catsup,1 Cup,273,290,1,69,5,1.0622710623,0.0183150183,0.2527472527
Catsup,1 Tbsp,15,15,0,4,0,1,0,0.2666666667
"Cauliflower, Cooked From Frozn",1 Cup,180,35,0,7,3,0.1944444444,0.0166666667,0.0388888889
"Cauliflower, Cooked From Raw",1 Cup,125,30,0,6,2,0.24,0.016,0.048
"Cauliflower, Raw",1 Cup,100,25,0,5,2,0.25,0.02,0.05
Celery Seed,1 Tsp,2,10,1,1,0,5,0,0.5
"Celery, Pascal Type, Raw,Piece",1 Cup,120,20,0,4,1,0.1666666667,0.0083333333,0.0333333333
"Celery, Pascal Type, Raw,Stalk",1 Stalk,40,5,0,1,0,0.125,0,0.025
Cheddar Cheese,1 oz,28.35,115,9,0,7,4.0564373898,0.2469135802,0
Cheddar Cheese,1 Cu In,17,70,6,0,4,4.1176470588,0.2352941176,0
"Chedddar Cheese, Shredded",1 Cup,113,455,37,1,28,4.0265486726,0.2477876106,0.0088495575
Cheerios Cereal,1 oz,28.35,110,2,20,4,3.8800705467,0.1410934744,0.7054673721
"Cheese Crackers, Plain",10 Crack,10,50,3,6,1,5,0.1,0.6
"Cheese Crackers, Sandwch,Peant",1 Sandwh,8,40,2,5,1,5,0.125,0.625
"Cheese Sauce W/ Milk, Frm Mix",1 Cup,279,305,17,23,16,1.0931899642,0.0573476703,0.082437276
"Cheeseburger, 4oz Patty",1 Sandwh,194,525,31,40,30,2.706185567,0.1546391753,0.206185567
"Cheeseburger, Regular",1 Sandwh,112,300,15,28,15,2.6785714286,0.1339285714,0.25
Cheesecake,1 Cake,1110,3350,213,317,60,3.018018018,0.0540540541,0.2855855856
Cheesecake,1 Piece,92,280,18,26,5,3.0434782609,0.0543478261,0.2826086957
"Cherries, Sour,Red,Cannd,Water",1 Cup,244,90,0,22,2,0.368852459,0.0081967213,0.0901639344
"Cherries, Sweet, Raw",10 Chery,68,50,1,11,1,0.7352941176,0.0147058824,0.1617647059
Cherry Pie,1 Pie,945,2465,107,363,25,2.6084656085,0.0264550265,0.3841269841
Cherry Pie,1 Piece,158,410,18,61,4,2.5949367089,0.0253164557,0.3860759494
"Chestnuts, European, Roasted",1 Cup,143,350,3,76,5,2.4475524476,0.034965035,0.5314685315
"Chicken A La King, Home Recipe",1 Cup,245,470,34,12,27,1.9183673469,0.1102040816,0.0489795918
"Chicken And Noodles, Home Recp",1 Cup,240,365,18,26,22,1.5208333333,0.0916666667,0.1083333333
"Chicken Chow Mein, Canned",1 Cup,250,95,0,18,7,0.38,0.028,0.072
"Chicken Chow Mein, Home Recipe",1 Cup,250,255,10,10,31,1.02,0.124,0.04
Chicken Frankfurter,1 Frank,45,115,9,3,6,2.5555555556,0.1333333333,0.0666666667
Chicken Gravy From Dry Mix,1 Cup,260,85,2,14,3,0.3269230769,0.0115384615,0.0538461538
"Chicken Gravy, Canned",1 Cup,238,190,14,13,5,0.7983193277,0.0210084034,0.0546218487
"Chicken Liver, Cooked",1 Liver,20,30,1,0,5,1.5,0.25,0
"Chicken Noodle Soup, Canned",1 Cup,241,75,2,9,4,0.3112033195,0.0165975104,0.0373443983
"Chicken Noodle Soup,Dehyd,Prpd",1 Pkt,188,40,1,6,2,0.2127659574,0.0106382979,0.0319148936
"Chicken Potpie, Home Recipe",1 Piece,232,545,31,42,23,2.349137931,0.099137931,0.1810344828
"Chicken Rice Soup, Canned",1 Cup,241,60,2,7,4,0.2489626556,0.0165975104,0.0290456432
"Chicken Roll, Light",2 Slices,57,90,4,1,11,1.5789473684,0.1929824561,0.0175438596
"Chicken, Canned, Boneless",5 oz,142,235,11,0,31,1.6549295775,0.2183098592,0
"Chicken, Fried, Batter, Breast",4.9 oz,140,365,18,13,35,2.6071428571,0.25,0.0928571429
"Chicken, Fried, Batter,Drmstck",2.5 oz,72,195,11,6,16,2.7083333333,0.2222222222,0.0833333333
"Chicken, Fried, Flour, Breast",3.5 oz,98,220,9,2,31,2.2448979592,0.3163265306,0.0204081633
"Chicken, Fried, Flour, Drmstck",1.7 oz,49,120,7,1,13,2.4489795918,0.2653061224,0.0204081633
"Chicken, Roasted, Breast",3.0 oz,86,140,3,0,27,1.6279069767,0.3139534884,0
"Chicken, Roasted, Drumstick",1.6 oz,44,75,2,0,12,1.7045454545,0.2727272727,0
"Chicken, Stewed, Light + Dark",1 Cup,140,250,9,0,38,1.7857142857,0.2714285714,0
"Chickpeas, Cooked, Drained",1 Cup,163,270,4,45,15,1.6564417178,0.0920245399,0.2760736196
"Chili Con Carne W/ Beans, Cnnd",1 Cup,255,340,16,31,19,1.3333333333,0.0745098039,0.1215686275
Chili Powder,1 Tsp,2.6,10,0,1,0,3.8461538462,0,0.3846153846
"Chocolate Chip Cookies,Commrcl",4 Cookie,42,180,9,28,2,4.2857142857,0.0476190476,0.6666666667
"Chocolate Chip Cookies,Hme Rcp",4 Cookie,40,185,11,26,2,4.625,0.05,0.65
"Chocolate Chip Cookies,Refrig",4 Cookie,48,225,11,32,2,4.6875,0.0416666667,0.6666666667
"Chocolate Milk, Lowfat 1%",1 Cup,250,160,3,26,8,0.64,0.032,0.104
"Chocolate Milk, Lowfat 2%",1 Cup,250,180,5,26,8,0.72,0.032,0.104
"Chocolate Milk, Regular",1 Cup,250,210,8,26,8,0.84,0.032,0.104
"Chocolate, Bitter Ot Baking",1 oz,28.35,145,15,8,3,5.114638448,0.1058201058,0.2821869489
"Chop Suey W/ Beef + Pork,Hmrcp",1 Cup,250,300,17,13,26,1.2,0.104,0.052
Cinnamon,1 Tsp,2.3,5,0,2,0,2.1739130435,0,0.8695652174
"Clam Chowder, Manhattan, Cannd",1 Cup,244,80,2,12,4,0.3278688525,0.0163934426,0.0491803279
"Clam Chowder, New Eng, W/ Milk",1 Cup,248,165,7,17,9,0.6653225806,0.0362903226,0.0685483871
"Clams, Canned, Drained",3 oz,85,85,2,2,13,1,0.1529411765,0.0235294118
"Clams, Raw",3 oz,85,65,1,2,11,0.7647058824,0.1294117647,0.0235294118
Club Soda,12 fl oz,355,0,0,0,0,0,0,0
"Coca Pwdr W/O Nofat Drymlk,Prd",1 Servng,265,225,9,30,9,0.8490566038,0.0339622642,0.1132075472
Coca Pwdr W/O Nonfat Dry Milk,3/4 oz,21,75,1,19,1,3.5714285714,0.0476190476,0.9047619048
"Cocoa Pwdr W/ Nofat Drmlk,Prpd",1 Servng,206,100,1,22,3,0.4854368932,0.0145631068,0.1067961165
Cocoa Pwdr With Nonfat Drymilk,1 oz,28.35,100,1,22,3,3.5273368607,0.1058201058,0.7760141093
"Coconut, Dried, Sweetnd,Shredd",1 Cup,93,470,33,44,3,5.0537634409,0.0322580645,0.4731182796
"Coconut, Raw, Piece",1 Piece,45,160,15,7,1,3.5555555556,0.0222222222,0.1555555556
"Coconut, Raw, Shredded",1 Cup,80,285,27,12,3,3.5625,0.0375,0.15
"Coffee, Brewed",6 fl oz,180,0,0,0,0,0,0,0
"Coffee, Instant, Prepared",6 fl oz,182,0,0,1,0,0,0,0.0054945055
"Coffeecake, Crumb, From Mix",1 Cake,430,1385,41,225,27,3.2209302326,0.0627906977,0.523255814
"Coffeecake, Crumb, From Mix",1 Piece,72,230,7,38,5,3.1944444444,0.0694444444,0.5277777778
"Cola, Diet, Aspartame Only",12 fl oz,355,0,0,0,0,0,0,0
"Cola, Diet, Asprtame + Sacchrn",12 fl oz,355,0,0,0,0,0,0,0
"Cola, Diet, Saccharin Only",12 fl oz,355,0,0,0,0,0,0,0
"Cola, Regular",12 fl oz,369,160,0,41,0,0.433604336,0,0.1111111111
"Collards, Cooked From Frozen",1 Cup,170,60,1,12,5,0.3529411765,0.0294117647,0.0705882353
"Collards, Cooked From Raw",1 Cup,190,25,0,5,2,0.1315789474,0.0105263158,0.0263157895
"Cooked Salad Drssing, Home Rcp",1 Tbsp,16,25,2,2,1,1.5625,0.0625,0.125
Corn Chips,1 oz,28.35,155,9,16,2,5.467372134,0.0705467372,0.5643738977
"Corn Flakes, Kellogg's",1 oz,28.35,110,0,24,2,3.8800705467,0.0705467372,0.8465608466
"Corn Flakes, Toasties",1 oz,28.35,110,0,24,2,3.8800705467,0.0705467372,0.8465608466
"Corn Grits, Cooked, Instant",1 Pkt,137,80,0,18,2,0.5839416058,0.0145985401,0.1313868613
"Corn Grits,Ckd,Reg,Whte,Nosalt",1 Cup,242,145,0,31,3,0.5991735537,0.0123966942,0.1280991736
"Corn Grits,Ckd,Reg,Whte,W/Salt",1 Cup,242,145,0,31,3,0.5991735537,0.0123966942,0.1280991736
"Corn Grits,Ckd,Reg,Yllw,Nosalt",1 Cup,242,145,0,31,3,0.5991735537,0.0123966942,0.1280991736
"Corn Grits,Ckd,Reg,Yllw,W/Salt",1 Cup,242,145,0,31,3,0.5991735537,0.0123966942,0.1280991736
"Corn Muffins, From Commerl Mix",1 Muffin,45,145,6,22,3,3.2222222222,0.0666666667,0.4888888889
"Corn Muffins, Home Recipe",1 Muffin,45,145,5,21,3,3.2222222222,0.0666666667,0.4666666667
Corn Oil,1 Cup,218,1925,218,0,0,8.8302752294,0,0
Corn Oil,1 Tbsp,14,125,14,0,0,8.9285714286,0,0
"Corn, Cnnd,Crm Stl,Whit,No Sal",1 Cup,256,185,1,46,4,0.72265625,0.015625,0.1796875
"Corn, Cnnd,Crm Stl,Whit,W/Salt",1 Cup,256,185,1,46,4,0.72265625,0.015625,0.1796875
"Corn, Cnnd,Crm Stl,Yllw,No Sal",1 Cup,256,185,1,46,4,0.72265625,0.015625,0.1796875
"Corn, Cnnd,Crm Stl,Yllw,W/Salt",1 Cup,256,185,1,46,4,0.72265625,0.015625,0.1796875
"Corn, Cooked Frm Frozn, White",1 Ear,63,60,0,14,2,0.9523809524,0.0317460317,0.2222222222
"Corn, Cooked Frm Frozn, White",1 Cup,165,135,0,34,5,0.8181818182,0.0303030303,0.2060606061
"Corn, Cooked Frm Frozn, Yellow",1 Ear,63,60,0,14,2,0.9523809524,0.0317460317,0.2222222222
"Corn, Cooked Frm Frozn, Yellow",1 Cup,165,135,0,34,5,0.8181818182,0.0303030303,0.2060606061
"Corn, Cooked From Raw, White",1 Ear,77,85,1,19,3,1.1038961039,0.038961039,0.2467532468
"Corn, Cooked From Raw, Yellow",1 Ear,77,85,1,19,3,1.1038961039,0.038961039,0.2467532468
"Corn,Cnnd,Whl Krnl,Whte,No Sal",1 Cup,210,165,1,41,5,0.7857142857,0.0238095238,0.1952380952
"Corn,Cnnd,Whl Krnl,Whte,W/Salt",1 Cup,210,165,1,41,5,0.7857142857,0.0238095238,0.1952380952
"Corn,Cnnd,Whl Krnl,Yllw,No Sal",1 Cup,210,165,1,41,5,0.7857142857,0.0238095238,0.1952380952
"Corn,Cnnd,Whl Krnl,Yllw,W/Salt",1 Cup,210,165,1,41,5,0.7857142857,0.0238095238,0.1952380952
"Cornmeal,Bolted,Dry Form",1 Cup,122,440,4,91,11,3.606557377,0.0901639344,0.7459016393
"Cornmeal,Degermed,Enrched,Cook",1 Cup,240,120,0,26,3,0.5,0.0125,0.1083333333
"Cornmeal,Degermed,Enriched,Dry",1 Cup,138,500,2,108,11,3.6231884058,0.0797101449,0.7826086957
"Cornmeal,Whole-Grnd,Unbolt,Dry",1 Cup,122,435,5,90,11,3.5655737705,0.0901639344,0.737704918
"Cottage Cheese,Cremd,Lrge Curd",1 Cup,225,235,10,6,28,1.0444444444,0.1244444444,0.0266666667
"Cottage Cheese,Cremd,Smll Curd",1 Cup,210,215,9,6,26,1.0238095238,0.1238095238,0.0285714286
"Cottage Cheese,Cremd,W/Fruit",1 Cup,226,280,8,30,22,1.2389380531,0.0973451327,0.1327433628
"Cottage Cheese,Lowfat 2%",1 Cup,226,205,4,8,31,0.907079646,0.1371681416,0.0353982301
"Cottage Cheese,Uncreamed",1 Cup,145,125,1,3,25,0.8620689655,0.1724137931,0.0206896552
"Cr Of Chicken Soup W/ H20,Cnnd",1 Cup,244,115,7,9,3,0.4713114754,0.012295082,0.0368852459
"Cr Of Chicken Soup W/ Mlk,Cnnd",1 Cup,248,190,11,15,7,0.7661290323,0.0282258065,0.060483871
"Cr Of Mushrom Soup W/ H2o,Cnnd",1 Cup,244,130,9,9,2,0.5327868852,0.0081967213,0.0368852459
"Cr Of Mushrom Soup W/ Mlk,Cnnd",1 Cup,248,205,14,15,6,0.8266129032,0.0241935484,0.060483871
"Crabmeat, Canned",1 Cup,135,135,3,1,23,1,0.1703703704,0.0074074074
Cracked-Wheat Bread,1 Loaf,454,1190,16,227,42,2.6211453744,0.0925110132,0.5
Cracked-Wheat Bread,1 Slice,25,65,1,12,2,2.6,0.08,0.48
"Cracked-Wheat Bread, Toasted",1 Slice,21,65,1,12,2,3.0952380952,0.0952380952,0.5714285714
Cranberry Juice Cocktal W/Vitc,1 Cup,253,145,0,38,0,0.5731225296,0,0.1501976285
"Cranberry Sauce, Canned,Swtnd",1 Cup,277,420,0,108,1,1.5162454874,0.0036101083,0.3898916968
Cream Cheese,1 oz,28.35,100,10,1,2,3.5273368607,0.0705467372,0.0352733686
"Cream Of Wheat,Ckd,Mix N Eat",1 Pkt,142,100,0,21,3,0.7042253521,0.0211267606,0.1478873239
Creme Pie,1 Pie,910,2710,139,351,20,2.978021978,0.021978022,0.3857142857
Creme Pie,1 Piece,152,455,23,59,3,2.9934210526,0.0197368421,0.3881578947
"Crm Wheat,Ckd, Quick, No Salt",1 Cup,244,140,0,29,4,0.5737704918,0.0163934426,0.118852459
"Crm Wheat,Ckd,Quick, W/  Salt",1 Cup,244,140,0,29,4,0.5737704918,0.0163934426,0.118852459
"Crm Wheat,Ckd,Reg,Inst,No Salt",1 Cup,244,140,0,29,4,0.5737704918,0.0163934426,0.118852459
"Crm Wheat,Ckd,Reg,Inst,W/Salt",1 Cup,244,140,0,29,4,0.5737704918,0.0163934426,0.118852459
Croissants,1 Crosst,57,235,12,27,5,4.1228070175,0.0877192982,0.4736842105
"Cucumber, W/ Peel",6 Slices,28,5,0,1,0,0.1785714286,0,0.0357142857
Curry Powder,1 Tsp,2,5,0,1,0,2.5,0,0.5
Custard Pie,1 Pie,910,1985,101,213,56,2.1813186813,0.0615384615,0.2340659341
Custard Pie,1 Piece,152,330,17,36,9,2.1710526316,0.0592105263,0.2368421053
"Custard, Baked",1 Cup,265,305,15,29,14,1.1509433962,0.0528301887,0.1094339623
"Dandelion Greens, Cooked, Drnd",1 Cup,105,35,1,7,2,0.3333333333,0.019047619,0.0666666667
"Danish Pastry, Fruit",1 Pastry,65,235,13,28,4,3.6153846154,0.0615384615,0.4307692308
"Danish Pastry, Plain, No Nuts",1 Ring,340,1305,71,152,21,3.8382352941,0.0617647059,0.4470588235
"Danish Pastry, Plain, No Nuts",1 Pastry,57,220,12,26,4,3.8596491228,0.0701754386,0.4561403509
"Danish Pastry, Plain, No Nuts",1 oz,28.35,110,6,13,2,3.8800705467,0.0705467372,0.4585537919
Dates,10 Dates,83,230,0,61,2,2.7710843373,0.0240963855,0.734939759
"Dates, Chopped",1 Cup,178,490,1,131,4,2.7528089888,0.0224719101,0.7359550562
"Devil's Food Cake,Chocfrst,Fmx",1 Cake,1107,3755,136,645,49,3.3920505872,0.044263776,0.5826558266
"Devil's Food Cake,Chocfrst,Fmx",1 Piece,69,235,8,40,3,3.4057971014,0.0434782609,0.5797101449
"Devil's Food Cake,Chocfrst,Fmx",1 Cupcak,35,120,4,20,2,3.4285714286,0.0571428571,0.5714285714
"Doughnuts, Cake Type, Plain",1 Donut,50,210,12,24,3,4.2,0.06,0.48
"Doughnuts, Yeast-Leavend,Glzed",1 Donut,60,235,13,26,4,3.9166666667,0.0666666667,0.4333333333
"Duck, Roasted, Flesh Only",1/2 Duck,221,445,25,0,52,2.0135746606,0.2352941176,0
Eggnog,1 Cup,254,340,19,34,10,1.3385826772,0.0393700787,0.1338582677
"Eggplant, Cooked, Steamed",1 Cup,96,25,0,6,1,0.2604166667,0.0104166667,0.0625
"Eggs, Cooked, Fried",1 Egg,46,90,7,1,6,1.9565217391,0.1304347826,0.0217391304
"Eggs, Cooked, Hard-Cooked",1 Egg,50,75,5,1,6,1.5,0.12,0.02
"Eggs, Cooked, Poached",1 Egg,50,75,5,1,6,1.5,0.12,0.02
"Eggs, Cooked, Scrambled/Omelet",1 Egg,61,100,7,1,7,1.6393442623,0.1147540984,0.0163934426
"Eggs, Raw, White",1 White,33,15,0,0,4,0.4545454545,0.1212121212,0
"Eggs, Raw, Whole",1 Egg,50,75,5,1,6,1.5,0.12,0.02
"Eggs, Raw, Yolk",1 Yolk,17,60,5,0,3,3.5294117647,0.1764705882,0
Enchilada,1 Enchld,230,235,16,24,20,1.0217391304,0.0869565217,0.1043478261
"Endive, Curly, Raw",1 Cup,50,10,0,2,1,0.2,0.02,0.04
"Eng Muffin, Egg, Cheese, Bacon",1 Sandwh,138,360,18,31,18,2.6086956522,0.1304347826,0.2246376812
"English Muffins, Plain",1 Muffin,57,140,1,27,5,2.4561403509,0.0877192982,0.4736842105
"English Muffins, Plain, Toastd",1 Muffin,50,140,1,27,5,2.8,0.1,0.54
"Evaporated Milk, Skim, Canned",1 Cup,255,200,1,29,19,0.7843137255,0.0745098039,0.1137254902
"Evaporated Milk, Whole, Canned",1 Cup,252,340,19,25,17,1.3492063492,0.0674603175,0.0992063492
"Fats, Cooking/Vegetbl Shorteng",1 Cup,205,1810,205,0,0,8.8292682927,0,0
"Fats, Cooking/Vegetbl Shorteng",1 Tbsp,13,115,13,0,0,8.8461538462,0,0
Feta Cheese,1 oz,28.35,75,6,1,4,2.6455026455,0.1410934744,0.0352733686
Fig Bars,4 Cookie,56,210,4,42,2,3.75,0.0357142857,0.75
"Figs, Dried",10 Figs,187,475,2,122,6,2.5401069519,0.0320855615,0.6524064171
"Filberts, (Hazelnuts) Chopped",1 Cup,115,725,72,18,15,6.3043478261,0.1304347826,0.1565217391
"Filberts, (Hazelnuts) Chopped",1 oz,28.35,180,18,4,4,6.3492063492,0.1410934744,0.1410934744
"Fish Sandwich, Lge, W/O Cheese",1 Sandwh,170,470,27,41,18,2.7647058824,0.1058823529,0.2411764706
"Fish Sandwich, Reg, W/ Cheese",1 Sandwh,140,420,23,39,16,3,0.1142857143,0.2785714286
"Fish Sticks, Frozen, Reheated",1 Stick,28,70,3,4,6,2.5,0.2142857143,0.1428571429
"Flounder Or Sole, Baked, Buttr",3 oz,85,120,6,0,16,1.4117647059,0.1882352941,0
"Flounder Or Sole, Baked,Margrn",3 oz,85,120,6,0,16,1.4117647059,0.1882352941,0
"Flounder Or Sole, Baked,W/Ofat",3 oz,85,80,1,0,17,0.9411764706,0.2,0
"Fondant, Uncoated",1 oz,28.35,105,0,27,0,3.7037037037,0,0.9523809524
"Frankfurter, Cooked",1 Frank,45,145,13,1,5,3.2222222222,0.1111111111,0.0222222222
French Bread,1 Slice,35,100,1,18,3,2.8571428571,0.0857142857,0.5142857143
French Or Vienna Bread,1 Loaf,454,1270,18,230,43,2.7973568282,0.0947136564,0.5066079295
"French Salad Dressing, Localor",1 Tbsp,16,25,2,2,0,1.5625,0,0.125
"French Salad Dressing, Regular",1 Tbsp,16,85,9,1,0,5.3125,0,0.0625
"French Toast, Home Recipe",1 Slice,65,155,7,17,6,2.3846153846,0.0923076923,0.2615384615
"Fried Pie, Apple",1 Pie,85,255,14,31,2,3,0.0235294118,0.3647058824
"Fried Pie, Cherry",1 Pie,85,250,14,32,2,2.9411764706,0.0235294118,0.3764705882
Froot Loops Cereal,1 oz,28.35,110,1,25,2,3.8800705467,0.0705467372,0.8818342152
"Fruit Cocktail,Cnnd,Heavysyrup",1 Cup,255,185,0,48,1,0.7254901961,0.0039215686,0.1882352941
"Fruit Cocktail,Cnnd,Juice Pack",1 Cup,248,115,0,29,1,0.4637096774,0.0040322581,0.1169354839
"Fruit Punch Drink, Canned",6 fl oz,190,85,0,22,0,0.4473684211,0,0.1157894737
"Fruitcake,Dark, From recipe",1 Cake,1361,5185,228,783,74,3.8096987509,0.0543717855,0.5753122704
"Fruitcake,Dark, From recipe",1 Piece,43,165,7,25,2,3.8372093023,0.0465116279,0.5813953488
"Fudge, Chocolate, Plain",1 oz,28.35,115,3,21,1,4.0564373898,0.0352733686,0.7407407407
Garlic Powder,1 Tsp,2.8,10,0,2,0,3.5714285714,0,0.7142857143
"Gelatin Dessert, Prepared",1/2 Cup,120,70,0,17,2,0.5833333333,0.0166666667,0.1416666667
"Gelatin, Dry",1 Envelp,7,25,0,0,6,3.5714285714,0.8571428571,0
"Gin,Rum,Vodka,Whisky 80-Proof",1.5 fl oz,42,95,0,0,0,2.2619047619,0,0
"Gin,Rum,Vodka,Whisky 86-Proof",1.5 fl oz,42,105,0,0,0,2.5,0,0
"Gin,Rum,Vodka,Whisky 90-Proof",1.5 fl oz,42,110,0,0,0,2.619047619,0,0
Ginger Ale,12 fl oz,366,125,0,32,0,0.3415300546,0,0.087431694
"Gingerbread Cake, From Mix",1 Cake,570,1575,39,291,18,2.7631578947,0.0315789474,0.5105263158
"Gingerbread Cake, From Mix",1 Piece,63,175,4,32,2,2.7777777778,0.0317460317,0.5079365079
Golden Grahams Cereal,1 oz,28.35,110,1,24,2,3.8800705467,0.0705467372,0.8465608466
"Graham Cracker, Plain",2 Crackr,14,60,1,11,1,4.2857142857,0.0714285714,0.7857142857
"Grape Drink, Canned",6 fl oz,187,100,0,26,0,0.5347593583,0,0.1390374332
"Grape Juice, Canned",1 Cup,253,155,0,38,1,0.6126482213,0.0039525692,0.1501976285
Grape Soda,12 fl oz,372,180,0,46,0,0.4838709677,0,0.123655914
"Grapefrt Jce,Frzn,Cncn,Unswten",6 fl oz,207,300,1,72,4,1.4492753623,0.0193236715,0.347826087
"Grapefrt Jce,Frzn,Dltd,Unswten",1 Cup,247,100,0,24,1,0.4048582996,0.004048583,0.0971659919
"Grapefruit Juice, Canned,Swtnd",1 Cup,250,115,0,28,1,0.46,0.004,0.112
"Grapefruit Juice, Canned,Unswt",1 Cup,247,95,0,22,1,0.3846153846,0.004048583,0.0890688259
"Grapefruit Juice, Raw",1 Cup,247,95,0,23,1,0.3846153846,0.004048583,0.0931174089
"Grapefruit, Canned, Syrup Pack",1 Cup,254,150,0,39,1,0.5905511811,0.0039370079,0.1535433071
"Grapefruit, Raw, Pink",1/2 Frut,120,40,0,10,1,0.3333333333,0.0083333333,0.0833333333
"Grapefruit, Raw, White",1/2 Frut,120,40,0,10,1,0.3333333333,0.0083333333,0.0833333333
"Grapejce,Frzn,Concen,Swtnd,W/C",6 fl oz,216,385,1,96,1,1.7824074074,0.0046296296,0.4444444444
"Grapejce,Frzn,Dilutd,Swtnd,W/C",1 Cup,250,125,0,32,0,0.5,0,0.128
Grape-Nuts Cereal,1 oz,28.35,100,0,23,3,3.5273368607,0.1058201058,0.811287478
"Grapes, European, Raw, Thompsn",10 Grape,50,35,0,9,0,0.7,0,0.18
"Grapes, European, Raw, Tokay",10 Grape,57,40,0,10,0,0.701754386,0,0.1754385965
"Gravy And Turkey, Frozen",5 oz,142,95,4,7,8,0.6690140845,0.0563380282,0.0492957746
"Great Northn Beans,Dry,Ckd,Drn",1 Cup,180,210,1,38,14,1.1666666667,0.0777777778,0.2111111111
"Ground Beef, Broiled, Lean",3 oz,85,230,16,0,21,2.7058823529,0.2470588235,0
"Ground Beef, Broiled, Regular",3 oz,85,245,18,0,20,2.8823529412,0.2352941176,0
Gum Drops,1 oz,28.35,100,0,25,0,3.5273368607,0,0.8818342152
"Haddock, Breaded, Fried",3 oz,85,175,9,7,17,2.0588235294,0.2,0.0823529412
"Half And Half, Cream",1 Cup,242,315,28,10,7,1.3016528926,0.0289256198,0.041322314
"Half And Half, Cream",1 Tbsp,15,20,2,1,0,1.3333333333,0,0.0666666667
"Halibut, Broiled, Butter,Lemju",3 oz,85,140,6,0,20,1.6470588235,0.2352941176,0
"Hamburger, 4oz Patty",1 Sandwh,174,445,21,38,25,2.5574712644,0.1436781609,0.2183908046
"Hamburger, Regular",1 Sandwh,98,245,11,28,12,2.5,0.1224489796,0.2857142857
Hard Candy,1 oz,28.35,110,0,28,0,3.8800705467,0,0.987654321
"Herring, Pickled",3 oz,85,190,13,0,17,2.2352941176,0.2,0
"Hollandaise Sce, W/ H2o,Frm Mx",1 Cup,259,240,20,14,5,0.9266409266,0.0193050193,0.0540540541
Honey,1 Cup,339,1030,0,279,1,3.0383480826,0.0029498525,0.8230088496
Honey,1 Tbsp,21,65,0,17,0,3.0952380952,0,0.8095238095
Honey Nut Cheerios Cereal,1 oz,28.35,105,1,23,3,3.7037037037,0.1058201058,0.811287478
"Honeydew Melon, Raw",1/10 Mel,129,45,0,12,1,0.3488372093,0.007751938,0.0930232558
"Ice Cream, Vanlla, Regulr 11%",1/2 Galn,1064,2155,115,254,38,2.0253759398,0.0357142857,0.2387218045
"Ice Cream, Vanlla, Regulr 11%",1 Cup,133,270,14,32,5,2.030075188,0.037593985,0.2406015038
"Ice Cream, Vanlla, Regulr 11%",3 fl oz,50,100,5,12,2,2,0.04,0.24
"Ice Cream, Vanlla, Rich 16% Ft",1/2 Gal,1188,2805,190,256,33,2.3611111111,0.0277777778,0.2154882155
"Ice Cream, Vanlla, Rich 16% Ft",1 Cup,148,350,24,32,4,2.3648648649,0.027027027,0.2162162162
"Ice Cream, Vanlla, Soft Serve",1 Cup,173,375,23,38,7,2.1676300578,0.0404624277,0.2196531792
"Ice Milk, Vanilla, 4% Fat",1/2 Gal,1048,1470,45,232,41,1.4026717557,0.0391221374,0.2213740458
"Ice Milk, Vanilla, 4% Fat",1 Cup,131,185,6,29,5,1.4122137405,0.0381679389,0.2213740458
"Ice Milk, Vanilla,Softserv 3%",1 Cup,175,225,5,38,8,1.2857142857,0.0457142857,0.2171428571
"Imitation Creamers, Liquid Frz",1 Tbsp,15,20,1,2,0,1.3333333333,0,0.1333333333
"Imitation Creamers, Powdered",1 Tsp,2,10,1,1,0,5,0,0.5
"Imitation Whipped Topping,Frzn",1 Cup,75,240,19,17,1,3.2,0.0133333333,0.2266666667
"Imitation Whipped Topping,Frzn",1 Tbsp,4,15,1,1,0,3.75,0,0.25
Imitatn Sour Dressing,1 Cup,235,415,39,11,8,1.7659574468,0.0340425532,0.0468085106
Imitatn Sour Dressing,1 Tbsp,12,20,2,1,0,1.6666666667,0,0.0833333333
"Imitatn Whipd Toping,Pressrzd",1 Cup,70,185,16,11,1,2.6428571429,0.0142857143,0.1571428571
"Imitatn Whipd Toping,Pressrzd",1 Tbsp,4,10,1,1,0,2.5,0,0.25
"Imitatn Whipd Toping,Pwdrd,Prp",1 Cup,80,150,10,13,3,1.875,0.0375,0.1625
"Imitatn Whipd Toping,Pwdrd,Prp",1 Tbsp,4,10,0,1,0,2.5,0,0.25
Italian Bread,1 Loaf,454,1255,4,256,41,2.7643171806,0.09030837,0.563876652
Italian Bread,1 Slice,30,85,0,17,3,2.8333333333,0.1,0.5666666667
"Italian Salad Dressing,Localor",1 Tbsp,15,5,0,2,0,0.3333333333,0,0.1333333333
"Italian Salad Dressing,Regular",1 Tbsp,15,80,9,1,0,5.3333333333,0,0.0666666667
Jams And Preserves,1 Tbsp,20,55,0,14,0,2.75,0,0.7
Jams And Preserves,1 Pkt,14,40,0,10,0,2.8571428571,0,0.7142857143
Jellies,1 Tbsp,18,50,0,13,0,2.7777777778,0,0.7222222222
Jellies,1 Pkt,14,40,0,10,0,2.8571428571,0,0.7142857143
Jelly Beans,1 oz,28.35,105,0,26,0,3.7037037037,0,0.9171075838
"Jerusalem-Artichoke, Raw",1 Cup,150,115,0,26,3,0.7666666667,0.02,0.1733333333
"Kale, Cooked From Frozen",1 Cup,130,40,1,7,4,0.3076923077,0.0307692308,0.0538461538
"Kale, Cooked From Raw",1 Cup,130,40,1,7,2,0.3076923077,0.0153846154,0.0538461538
"Kiwifruit, Raw",1 Kiwi,76,45,0,11,1,0.5921052632,0.0131578947,0.1447368421
"Kohlrabi, Cooked, Drained",1 Cup,165,50,0,11,3,0.303030303,0.0181818182,0.0666666667
"Lamb, Rib, Roasted, Lean + Fat",3 oz,85,315,26,0,18,3.7058823529,0.2117647059,0
"Lamb, Rib, Roasted, Lean Only",2 oz,57,130,7,0,15,2.2807017544,0.2631578947,0
"Lamb,Chops,Arm,Braised,Lean",1.7 oz,48,135,7,0,17,2.8125,0.3541666667,0
"Lamb,Chops,Arm,Braised,Lean+Ft",2.2 oz,63,220,15,0,20,3.4920634921,0.3174603175,0
"Lamb,Chops,Loin,Broil,Lean",2.3 oz,64,140,6,0,19,2.1875,0.296875,0
"Lamb,Chops,Loin,Broil,Lean+Fat",2.8 oz,80,235,16,0,22,2.9375,0.275,0
"Lamb,Leg,Roasted, Lean Only",2.6 oz,73,140,6,0,20,1.9178082192,0.2739726027,0
"Lamb,Leg,Roasted, Lean+ Fat",3 oz,85,205,13,0,22,2.4117647059,0.2588235294,0
Lard,1 Cup,205,1850,205,0,0,9.0243902439,0,0
Lard,1 Tbsp,13,115,13,0,0,8.8461538462,0,0
"Lemon Juice, Canned",1 Cup,244,50,1,16,1,0.2049180328,0.0040983607,0.0655737705
"Lemon Juice, Canned",1 Tbsp,15,5,0,1,0,0.3333333333,0,0.0666666667
"Lemon Juice, Raw",1 Cup,244,60,0,21,1,0.2459016393,0.0040983607,0.0860655738
"Lemon Juice,Frzn,Single-Strngh",6 fl oz,244,55,1,16,1,0.2254098361,0.0040983607,0.0655737705
Lemon Meringue Pie,1 Pie,840,2140,86,317,31,2.5476190476,0.0369047619,0.3773809524
Lemon Meringue Pie,1 Piece,140,355,14,53,5,2.5357142857,0.0357142857,0.3785714286
"Lemonade,Concen,Frzen,Diluted",6 fl oz,185,80,0,21,0,0.4324324324,0,0.1135135135
"Lemonade,Concentrate,Frz,Undil",6 fl oz,219,425,0,112,0,1.9406392694,0,0.5114155251
Lemon-Lime Soda,12 fl oz,372,155,0,39,0,0.4166666667,0,0.1048387097
"Lemons, Raw",1 Lemon,58,15,0,5,1,0.2586206897,0.0172413793,0.0862068966
"Lentils, Dry, Cooked",1 Cup,200,215,1,38,16,1.075,0.08,0.19
"Lettuce, Butterhead, Raw,Head",1 Head,163,20,0,4,2,0.1226993865,0.0122699387,0.0245398773
"Lettuce, Butterhead, Raw,Leave",1 Leaf,15,0,0,0,0,0,0,0
"Lettuce, Crisphead, Raw, Head",1 Head,539,70,1,11,5,0.1298701299,0.0092764378,0.0204081633
"Lettuce, Crisphead, Raw,Pieces",1 Cup,55,5,0,1,1,0.0909090909,0.0181818182,0.0181818182
"Lettuce, Crisphead, Raw,Wedge",1 Wedge,135,20,0,3,1,0.1481481481,0.0074074074,0.0222222222
"Lettuce, Looseleaf",1 Cup,56,10,0,2,1,0.1785714286,0.0178571429,0.0357142857
"Light, Coffee Or Table Cream",1 Cup,240,470,46,9,6,1.9583333333,0.025,0.0375
"Light, Coffee Or Table Cream",1 Tbsp,15,30,3,1,0,2,0,0.0666666667
"Lima Beans, Dry, Cooked,Draned",1 Cup,190,260,1,49,16,1.3684210526,0.0842105263,0.2578947368
"Lima Beans,Baby, Frzn,Cked,Drn",1 Cup,180,190,1,35,12,1.0555555556,0.0666666667,0.1944444444
"Lima Beans,Thick Seed,Frzn,Ckd",1 Cup,170,170,1,32,10,1,0.0588235294,0.1882352941
"Lime Juice, Raw",1 Cup,246,65,0,22,1,0.2642276423,0.0040650407,0.0894308943
"Lime Juice,Canned",1 Cup,246,50,1,16,1,0.2032520325,0.0040650407,0.0650406504
"Limeade,Concen,Frozen,Diluted",6 fl oz,185,75,0,20,0,0.4054054054,0,0.1081081081
"Limeade,Concentrate,Frzn,Undil",6 fl oz,218,410,0,108,0,1.880733945,0,0.495412844
Lucky Charms Cereal,1 oz,28.35,110,1,23,3,3.8800705467,0.1058201058,0.811287478
"Macadamia Nuts, Oilrstd,Salted",1 Cup,134,960,103,17,10,7.1641791045,0.0746268657,0.1268656716
"Macadamia Nuts, Oilrstd,Salted",1 oz,28.35,205,22,4,2,7.2310405644,0.0705467372,0.1410934744
"Macadamia Nuts, Oilrstd,Unsalt",1 Cup,134,960,103,17,10,7.1641791045,0.0746268657,0.1268656716
"Macadamia Nuts, Oilrstd,Unsalt",1 oz,28.35,205,22,4,2,7.2310405644,0.0705467372,0.1410934744
"Macaroni And Cheese, Canned",1 Cup,240,230,10,26,9,0.9583333333,0.0375,0.1083333333
"Macaroni And Cheese, Home Rcpe",1 Cup,200,430,22,40,17,2.15,0.085,0.2
"Macaroni, Cooked, Firm",1 Cup,130,190,1,39,7,1.4615384615,0.0538461538,0.3
"Macaroni, Cooked, Tender, Hot",1 Cup,140,155,1,32,5,1.1071428571,0.0357142857,0.2285714286
"Macaroni, Cooked, Tender,Cold",1 Cup,105,115,0,24,4,1.0952380952,0.0380952381,0.2285714286
"Malted Milk, Chocolate, Powder",3/4 oz,21,85,1,18,1,4.0476190476,0.0476190476,0.8571428571
"Malted Milk,Chocolate, Pwdrppd",1 Servng,265,235,9,29,9,0.8867924528,0.0339622642,0.1094339623
"Malted Milk,Natural, Powder",3/4 oz,21,85,2,15,3,4.0476190476,0.1428571429,0.7142857143
"Malted Milk,Natural, Pwdr Pprd",1 Servng,265,235,10,27,11,0.8867924528,0.041509434,0.1018867925
"Malt-O-Meal, W/O Salt",1 Cup,240,120,0,26,4,0.5,0.0166666667,0.1083333333
"Malt-O-Meal, With Salt",1 Cup,240,120,0,26,4,0.5,0.0166666667,0.1083333333
"Mangos, Raw",1 Mango,207,135,1,35,1,0.652173913,0.0048309179,0.1690821256
"Margarine, Imitation 40% Fat",8 oz,227,785,88,1,1,3.4581497797,0.0044052863,0.0044052863
"Margarine, Imitation 40% Fat",1 Tbsp,14,50,5,0,0,3.5714285714,0,0
"Margarine, Regulr,Hard,80% Fat",1/2 Cup,113,810,91,1,1,7.1681415929,0.0088495575,0.0088495575
"Margarine, Regulr,Hard,80% Fat",1 Tbsp,14,100,11,0,0,7.1428571429,0,0
"Margarine, Regulr,Hard,80% Fat",1 Pat,5,35,4,0,0,7,0,0
"Margarine, Regulr,Soft,80% Fat",8 oz,227,1625,183,1,2,7.1585903084,0.0088105727,0.0044052863
"Margarine, Regulr,Soft,80% Fat",1 Tbsp,14,100,11,0,0,7.1428571429,0,0
"Margarine, Spread,Hard,60% Fat",1/2 Cup,113,610,69,0,1,5.3982300885,0.0088495575,0
"Margarine, Spread,Hard,60% Fat",1 Tbsp,14,75,9,0,0,5.3571428571,0,0
"Margarine, Spread,Hard,60% Fat",1 Pat,5,25,3,0,0,5,0,0
"Margarine, Spread,Soft,60% Fat",8 oz,227,1225,138,0,1,5.3964757709,0.0044052863,0
"Margarine, Spread,Soft,60% Fat",1 Tbsp,14,75,9,0,0,5.3571428571,0,0
Marshmallows,1 oz,28.35,90,0,23,1,3.1746031746,0.0352733686,0.811287478
Mayonnaise Type Salad Dressing,1 Tbsp,15,60,5,4,0,4,0,0.2666666667
"Mayonnaise, Imitation",1 Tbsp,15,35,3,2,0,2.3333333333,0,0.1333333333
"Mayonnaise, Regular",1 Tbsp,14,100,11,0,0,7.1428571429,0,0
"Melba Toast, Plain",1 Piece,5,20,0,4,1,4,0.2,0.8
"Milk Chocolate Candy, Plain",1 oz,28.35,145,9,16,2,5.114638448,0.0705467372,0.5643738977
"Milk Chocolate Candy,W/ Almond",1 oz,28.35,150,10,15,3,5.291005291,0.1058201058,0.5291005291
"Milk Chocolate Candy,W/ Penuts",1 oz,28.35,155,11,13,4,5.467372134,0.1410934744,0.4585537919
"Milk Chocolate Candy,W/ Rice C",1 oz,28.35,140,7,18,2,4.9382716049,0.0705467372,0.6349206349
"Milk, Lofat, 1%, Added Solids",1 Cup,245,105,2,12,9,0.4285714286,0.0367346939,0.0489795918
"Milk, Lofat, 1%, No Addedsolid",1 Cup,244,100,3,12,8,0.4098360656,0.0327868852,0.0491803279
"Milk, Lofat, 2%, Added Solids",1 Cup,245,125,5,12,9,0.5102040816,0.0367346939,0.0489795918
"Milk, Lofat, 2%, No Addedsolid",1 Cup,244,120,5,12,8,0.4918032787,0.0327868852,0.0491803279
"Milk, Skim, Added Milk Solids",1 Cup,245,90,1,12,9,0.3673469388,0.0367346939,0.0489795918
"Milk, Skim, No Added Milksolid",1 Cup,245,85,0,12,8,0.3469387755,0.0326530612,0.0489795918
"Milk, Whole, 3.3% Fat",1 Cup,244,150,8,11,8,0.6147540984,0.0327868852,0.0450819672
"Minestrone Soup, Canned",1 Cup,241,80,3,11,4,0.3319502075,0.0165975104,0.0456431535
Miso,1 Cup,276,470,13,65,29,1.7028985507,0.1050724638,0.2355072464
Mixed Grain Bread,1 Loaf,454,1165,17,212,45,2.5660792952,0.0991189427,0.4669603524
Mixed Grain Bread,1 Slice,25,65,1,12,2,2.6,0.08,0.48
"Mixed Grain Bread, Toasted",1 Slice,23,65,1,12,2,2.8260869565,0.0869565217,0.5217391304
"Mixed Nuts W/ Peants,Dry,Saltd",1 oz,28.35,170,15,7,5,5.9964726631,0.176366843,0.2469135802
"Mixed Nuts W/ Peants,Dry,Unslt",1 oz,28.35,170,15,7,5,5.9964726631,0.176366843,0.2469135802
"Mixed Nuts W/ Peants,Oil,Saltd",1 oz,28.35,175,16,6,5,6.1728395062,0.176366843,0.2116402116
"Mixed Nuts W/ Peants,Oil,Unslt",1 oz,28.35,175,16,6,5,6.1728395062,0.176366843,0.2116402116
"Molasses, Cane, Blackstrap",2 Tbsp,40,85,0,22,0,2.125,0,0.55
"Mozzarella Cheese, Whole Milk",1 oz,28.35,80,6,1,6,2.8218694885,0.2116402116,0.0352733686
"Mozzarella Chese,Skim, Lomoist",1 oz,28.35,80,5,1,8,2.8218694885,0.2821869489,0.0352733686
Muenster Cheese,1 oz,28.35,105,9,0,7,3.7037037037,0.2469135802,0
"Mushroom Gravy, Canned",1 Cup,238,120,6,13,3,0.5042016807,0.012605042,0.0546218487
"Mushrooms, Canned, Drnd,W/Salt",1 Cup,156,35,0,8,3,0.2243589744,0.0192307692,0.0512820513
"Mushrooms, Cooked, Drained",1 Cup,156,40,1,8,3,0.2564102564,0.0192307692,0.0512820513
"Mushrooms, Raw",1 Cup,70,20,0,3,1,0.2857142857,0.0142857143,0.0428571429
"Mustard Greens, Cooked, Draned",1 Cup,140,20,0,3,3,0.1428571429,0.0214285714,0.0214285714
"Mustard, Prepared, Yellow",1 Tsp,5,5,0,0,0,1,0,0
Nature Valley Granola Cereal,1 oz,28.35,125,5,19,3,4.4091710758,0.1058201058,0.6701940035
"Nectarines, Raw",1 Nectrn,136,65,1,16,1,0.4779411765,0.0073529412,0.1176470588
"Nonfat Dry Milk, Instantized",1 Envlpe,91,325,1,47,32,3.5714285714,0.3516483516,0.5164835165
"Nonfat Dry Milk, Instantized",1 Cup,68,245,0,35,24,3.6029411765,0.3529411765,0.5147058824
"Noodles, Chow Mein, Canned",1 Cup,45,220,11,26,6,4.8888888889,0.1333333333,0.5777777778
"Noodles, Egg, Cooked",1 Cup,160,200,2,37,7,1.25,0.04375,0.23125
Oatmeal Bread,1 Loaf,454,1145,20,212,38,2.5220264317,0.0837004405,0.4669603524
Oatmeal Bread,1 Slice,25,65,1,12,2,2.6,0.08,0.48
"Oatmeal Bread, Toasted",1 Slice,23,65,1,12,2,2.8260869565,0.0869565217,0.5217391304
Oatmeal W/ Raisins Cookies,4 Cookie,52,245,10,36,3,4.7115384615,0.0576923077,0.6923076923
"Oatmeal,Ckd,Instnt,Flvrd,Fortf",1 Pkt,164,160,2,31,5,0.9756097561,0.0304878049,0.1890243902
"Oatmeal,Ckd,Instnt,Plain,Fortf",1 Pkt,177,105,2,18,4,0.593220339,0.0225988701,0.1016949153
"Oatmeal,Ckd,Rg,Qck,Inst,W/Osal",1 Cup,234,145,2,25,6,0.6196581197,0.0256410256,0.1068376068
"Oatmeal,Ckd,Rg,Qck,Inst,W/Salt",1 Cup,234,145,2,25,6,0.6196581197,0.0256410256,0.1068376068
"Ocean Perch, Breaded, Fried",1 Fillet,85,185,11,7,16,2.1764705882,0.1882352941,0.0823529412
"Okra Pods, Cooked",8 Pods,85,25,0,6,2,0.2941176471,0.0235294118,0.0705882353
Olive Oil,1 Cup,216,1910,216,0,0,8.8425925926,0,0
Olive Oil,1 Tbsp,14,125,14,0,0,8.9285714286,0,0
"Olives, Canned, Green",4 Medium,13,15,2,0,0,1.1538461538,0,0
"Olives, Canned, Ripe, Mission",3 Small,9,15,2,0,0,1.6666666667,0,0
Onion Powder,1 Tsp,2.1,5,0,2,0,2.380952381,0,0.9523809524
"Onion Rings, Breaded,Frzn,Prpd",2 Rings,20,80,5,8,1,4,0.05,0.4
"Onion Soup, Dehydratd, Prepred",1 Pkt,184,20,0,4,1,0.1086956522,0.0054347826,0.0217391304
"Onion Soup, Dehydrtd, Unprpred",1 Pkt,7,20,0,4,1,2.8571428571,0.1428571429,0.5714285714
"Onions, Raw, Chopped",1 Cup,160,55,0,12,2,0.34375,0.0125,0.075
"Onions, Raw, Cooked, Drained",1 Cup,210,60,0,13,2,0.2857142857,0.0095238095,0.0619047619
"Onions, Raw, Sliced",1 Cup,115,40,0,8,1,0.347826087,0.0086956522,0.0695652174
"Onions, Spring, Raw",6 Onion,30,10,0,2,1,0.3333333333,0.0333333333,0.0666666667
"Orange + Grapefruit Juce,Cannd",1 Cup,247,105,0,25,1,0.4251012146,0.004048583,0.1012145749
"Orange Juice, Canned",1 Cup,249,105,0,25,1,0.421686747,0.0040160643,0.1004016064
"Orange Juice, Chilled",1 Cup,249,110,1,25,2,0.4417670683,0.0080321285,0.1004016064
"Orange Juice, Raw",1 Cup,248,110,0,26,2,0.4435483871,0.0080645161,0.1048387097
"Orange Juice,Frozen Concentrte",6 fl oz,213,340,0,81,5,1.5962441315,0.0234741784,0.3802816901
"Orange Juice,Frzn,Cncn,Diluted",1 Cup,249,110,0,27,2,0.4417670683,0.0080321285,0.1084337349
Orange Soda,12 fl oz,372,180,0,46,0,0.4838709677,0,0.123655914
"Oranges, Raw",1 Orange,131,60,0,15,1,0.4580152672,0.0076335878,0.1145038168
"Oranges, Raw, Sections",1 Cup,180,85,0,21,2,0.4722222222,0.0111111111,0.1166666667
Oregano,1 Tsp,1.5,5,0,1,0,3.3333333333,0,0.6666666667
"Oysters, Breaded, Fried",1 Oyster,45,90,5,5,5,2,0.1111111111,0.1111111111
"Oysters, Raw",1 Cup,240,160,4,8,20,0.6666666667,0.0833333333,0.0333333333
"Pancakes, Buckwheat, From Mix",1 Pancak,27,55,2,6,2,2.037037037,0.0740740741,0.2222222222
"Pancakes, Plain, From Mix",1 Pancak,27,60,2,8,2,2.2222222222,0.0740740741,0.2962962963
"Pancakes, Plain, Home Recipe",1 Pancak,27,60,2,9,2,2.2222222222,0.0740740741,0.3333333333
"Papayas, Raw",1 Cup,140,65,0,17,1,0.4642857143,0.0071428571,0.1214285714
Paprika,1 Tsp,2.1,5,0,1,0,2.380952381,0,0.4761904762
"Parmesan Cheese, Grated",1 Cup,100,455,30,4,42,4.55,0.42,0.04
"Parmesan Cheese, Grated",1 Tbsp,5,25,2,0,2,5,0.4,0
"Parmesan Cheese, Grated",1 oz,28.35,130,9,1,12,4.5855379189,0.4232804233,0.0352733686
"Parsley, Freeze-Dried",1 Tbsp,0.4,0,0,0,0,0,0,0
"Parsley, Raw",10 Sprig,10,5,0,1,0,0.5,0,0.1
"Parsnips, Cooked, Drained",1 Cup,156,125,0,30,2,0.8012820513,0.0128205128,0.1923076923
"Pasterzd Proces Cheese, Swiss",1 oz,28.35,95,7,1,7,3.3509700176,0.2469135802,0.0352733686
"Pasterzd Proces Cheese,Americn",1 oz,28.35,105,9,0,6,3.7037037037,0.2116402116,0
"Pasterzd Proces Chese Food,Amr",1 oz,28.35,95,7,2,6,3.3509700176,0.2116402116,0.0705467372
"Pasterzd Proces Chese Spred,Am",1 oz,28.35,80,6,2,5,2.8218694885,0.176366843,0.0705467372
"Pea Beans, Dry, Cooked,Drained",1 Cup,190,225,1,40,15,1.1842105263,0.0789473684,0.2105263158
"Pea, Green, Soup, Canned",1 Cup,250,165,3,27,9,0.66,0.036,0.108
Peach Pie,1 Pie,945,2410,101,361,24,2.5502645503,0.0253968254,0.382010582
Peach Pie,1 Piece,158,405,17,60,4,2.5632911392,0.0253164557,0.3797468354
"Peaches, Canned, Heavy Syrup",1 Cup,256,190,0,51,1,0.7421875,0.00390625,0.19921875
"Peaches, Canned, Heavy Syrup",1 Half,81,60,0,16,0,0.7407407407,0,0.1975308642
"Peaches, Canned, Juice Pack",1 Cup,248,110,0,29,2,0.4435483871,0.0080645161,0.1169354839
"Peaches, Canned, Juice Pack",1 Half,77,35,0,9,0,0.4545454545,0,0.1168831169
"Peaches, Dried",1 Cup,160,380,1,98,6,2.375,0.0375,0.6125
"Peaches, Dried,Cooked,Unswetnd",1 Cup,258,200,1,51,3,0.7751937984,0.011627907,0.1976744186
"Peaches, Frozen,Swetned,W/Vitc",10 oz,284,265,0,68,2,0.9330985915,0.0070422535,0.2394366197
"Peaches, Frozen,Swetned,W/Vitc",1 Cup,250,235,0,60,2,0.94,0.008,0.24
"Peaches, Raw",1 Peach,87,35,0,10,1,0.4022988506,0.0114942529,0.1149425287
"Peaches, Raw, Sliced",1 Cup,170,75,0,19,1,0.4411764706,0.0058823529,0.1117647059
Peanut Butter,1 Tbsp,16,95,8,3,5,5.9375,0.3125,0.1875
"Peanut Butter Cookie,Home Recp",4 Cookie,48,245,14,28,4,5.1041666667,0.0833333333,0.5833333333
Peanut Oil,1 Cup,216,1910,216,0,0,8.8425925926,0,0
Peanut Oil,1 Tbsp,14,125,14,0,0,8.9285714286,0,0
"Peanuts, Oil Roasted, Salted",1 Cup,145,840,71,27,39,5.7931034483,0.2689655172,0.1862068966
"Peanuts, Oil Roasted, Salted",1 oz,28.35,165,14,5,8,5.8201058201,0.2821869489,0.176366843
"Peanuts, Oil Roasted, Unsalted",1 Cup,145,840,71,27,39,5.7931034483,0.2689655172,0.1862068966
"Peanuts, Oil Roasted, Unsalted",1 oz,28.35,165,14,5,8,5.8201058201,0.2821869489,0.176366843
"Pears, Canned, Heavy Syrup",1 Cup,255,190,0,49,1,0.7450980392,0.0039215686,0.1921568627
"Pears, Canned, Heavy Syrup",1 Half,79,60,0,15,0,0.7594936709,0,0.1898734177
"Pears, Canned, Juice Pack",1 Cup,248,125,0,32,1,0.5040322581,0.0040322581,0.1290322581
"Pears, Canned, Juice Pack",1 Half,77,40,0,10,0,0.5194805195,0,0.1298701299
"Pears, Raw, Bartlett",1 Pear,166,100,1,25,1,0.6024096386,0.0060240964,0.1506024096
"Pears, Raw, Bosc",1 Pear,141,85,1,21,1,0.6028368794,0.0070921986,0.1489361702
"Pears, Raw, D'anjou",1 Pear,200,120,1,30,1,0.6,0.005,0.15
"Peas, Edible Pod, Cooked,Drned",1 Cup,160,65,0,11,5,0.40625,0.03125,0.06875
"Peas, Green,Cnnd,Drnd, W/ Salt",1 Cup,170,115,1,21,8,0.6764705882,0.0470588235,0.1235294118
"Peas, Green,Cnnd,Drnd,W/O Salt",1 Cup,170,115,1,21,8,0.6764705882,0.0470588235,0.1235294118
"Peas, Split, Dry, Cooked",1 Cup,200,230,1,42,16,1.15,0.08,0.21
"Peas,Grn, Frozen Cooked,Draned",1 Cup,160,125,0,23,8,0.78125,0.05,0.14375
Pecan Pie,1 Pie,825,3450,189,423,42,4.1818181818,0.0509090909,0.5127272727
Pecan Pie,1 Piece,138,575,32,71,7,4.1666666667,0.0507246377,0.5144927536
"Pecans, Halves",1 Cup,108,720,73,20,8,6.6666666667,0.0740740741,0.1851851852
"Pecans, Halves",1 oz,28.35,190,19,5,2,6.7019400353,0.0705467372,0.176366843
"Pepper, Black",1 Tsp,2.1,5,0,1,0,2.380952381,0,0.4761904762
"Peppers, Hot Chili, Raw, Green",1 Pepper,45,20,0,4,1,0.4444444444,0.0222222222,0.0888888889
"Peppers, Hot Chili, Raw, Red",1 Pepper,45,20,0,4,1,0.4444444444,0.0222222222,0.0888888889
"Peppers, Sweet, Cooked, Green",1 Pepper,73,15,0,3,0,0.2054794521,0,0.0410958904
"Peppers, Sweet, Cooked, Red",1 Pepper,73,15,0,3,0,0.2054794521,0,0.0410958904
"Peppers, Sweet, Raw, Green",1 Pepper,74,20,0,4,1,0.2702702703,0.0135135135,0.0540540541
"Peppers, Sweet, Raw, Red",1 Pepper,74,20,0,4,1,0.2702702703,0.0135135135,0.0540540541
Pepper-Type Soda,12 fl oz,369,160,0,41,0,0.433604336,0,0.1111111111
"Pickles, Cucumber, Dill",1 Pickle,65,5,0,1,0,0.0769230769,0,0.0153846154
"Pickles, Cucumber, Fresh Pack",2 Slices,15,10,0,3,0,0.6666666667,0,0.2
"Pickles, Cucumber, Swt Gherkin",1 Pickle,15,20,0,5,0,1.3333333333,0,0.3333333333
"Piecrust, From Mix",2 Crust,320,1485,93,141,20,4.640625,0.0625,0.440625
"Piecrust,From Home Recipe",1 Shell,180,900,60,79,11,5,0.0611111111,0.4388888889
Pine Nuts,1 oz,28.35,160,17,5,3,5.6437389771,0.1058201058,0.176366843
"Pineapple Juice, Canned,Unswtn",1 Cup,250,140,0,34,1,0.56,0.004,0.136
"Pineapple, Canned, Heavy Syrup",1 Cup,255,200,0,52,1,0.7843137255,0.0039215686,0.2039215686
"Pineapple, Canned, Heavy Syrup",1 Slice,58,45,0,12,0,0.775862069,0,0.2068965517
"Pineapple, Canned, Juice Pack",1 Cup,250,150,0,39,1,0.6,0.004,0.156
"Pineapple, Canned, Juice Pack",1 Slice,58,35,0,9,0,0.6034482759,0,0.1551724138
"Pineapple, Raw, Diced",1 Cup,155,75,1,19,1,0.4838709677,0.0064516129,0.1225806452
Pineapple-Grapefruit Juicedrnk,6 fl oz,187,90,0,23,0,0.4812834225,0,0.1229946524
"Pinto Beans,Dry,Cooked,Drained",1 Cup,180,265,1,49,15,1.4722222222,0.0833333333,0.2722222222
Pistachio Nuts,1 oz,28.35,165,14,7,6,5.8201058201,0.2116402116,0.2469135802
Pita Bread,1 Pita,60,165,1,33,6,2.75,0.1,0.55
"Pizza, Cheese",1 Slice,120,290,9,39,15,2.4166666667,0.125,0.325
"Plantains, Cooked",1 Cup,154,180,0,48,1,1.1688311688,0.0064935065,0.3116883117
"Plantains, Raw",1 Plantn,179,220,1,57,2,1.2290502793,0.0111731844,0.3184357542
"Plums, Canned, Heavy Syrup",1 Cup,258,230,0,60,1,0.8914728682,0.003875969,0.2325581395
"Plums, Canned, Heavy Syrup",3 Plums,133,120,0,31,0,0.9022556391,0,0.2330827068
"Plums, Canned, Juice Pack",1 Cup,252,145,0,38,1,0.5753968254,0.003968254,0.1507936508
"Plums, Canned, Juice Pack",3 Plums,95,55,0,14,0,0.5789473684,0,0.1473684211
"Plums, Raw, 1-1/2-In Diam",1 Plum,28,15,0,4,0,0.5357142857,0,0.1428571429
"Plums, Raw, 2-1/8-In Diam",1 Plum,66,35,0,9,1,0.5303030303,0.0151515152,0.1363636364
"Popcorn, Air-Popped, Unsalted",1 Cup,8,30,0,6,1,3.75,0.125,0.75
"Popcorn, Popped, Veg Oil,Saltd",1 Cup,11,55,3,6,1,5,0.0909090909,0.5454545455
"Popcorn, Sugar Syrup Coated",1 Cup,35,135,1,30,2,3.8571428571,0.0571428571,0.8571428571
Popsicle,1 Popcle,95,70,0,18,0,0.7368421053,0,0.1894736842
"Pork Chop, Loin, Broil, Lean",2.5 oz,72,165,8,0,23,2.2916666667,0.3194444444,0
"Pork Chop, Loin, Broil, Len+Ft",3.1 oz,87,275,19,0,24,3.1609195402,0.275862069,0
"Pork Chop, Loin,Panfry, Lean",2.4 oz,67,180,11,0,19,2.6865671642,0.2835820896,0
"Pork Chop, Loin,Panfry,Lean+Ft",3.1 oz,89,335,27,0,21,3.7640449438,0.2359550562,0
"Pork Fresh Ham, Roastd, Lean",2.5 oz,72,160,8,0,20,2.2222222222,0.2777777778,0
"Pork Fresh Ham, Roastd,Lean+Ft",3 oz,85,250,18,0,21,2.9411764706,0.2470588235,0
"Pork Fresh Rib, Roastd, Lean",2.5 oz,71,175,10,0,20,2.4647887324,0.2816901408,0
"Pork Fresh Rib, Roastd,Lean+Ft",3 oz,85,270,20,0,21,3.1764705882,0.2470588235,0
"Pork Shoulder, Braisd, Lean",2.4 oz,67,165,8,0,22,2.4626865672,0.328358209,0
"Pork Shoulder, Braisd,Lean+Fat",3 oz,85,295,22,0,23,3.4705882353,0.2705882353,0
"Pork, Cured, Bacon, Regul,Cked",3 Slice,19,110,9,0,6,5.7894736842,0.3157894737,0
"Pork, Cured, Bacon,Canadn,Cked",2 Slice,46,85,4,1,11,1.847826087,0.2391304348,0.0217391304
"Pork, Cured, Ham, Canned,Roast",3 oz,85,140,7,0,18,1.6470588235,0.2117647059,0
"Pork, Cured, Ham, Rosted,Lean",2.4 oz,68,105,4,0,17,1.5441176471,0.25,0
"Pork, Cured, Ham, Rosted,Ln+Ft",3 oz,85,205,14,0,18,2.4117647059,0.2117647059,0
"Pork, Link, Cooked",1 Link,13,50,4,0,3,3.8461538462,0.2307692308,0
"Pork, Luncheon Meat,Canned",2 Slices,42,140,13,1,5,3.3333333333,0.119047619,0.0238095238
"Pork, Luncheon Meat,Choppd Ham",2 Slices,42,95,7,0,7,2.2619047619,0.1666666667,0
"Pork, Luncheon Meat,Ckd Ham,Ln",2 Slices,57,75,3,1,11,1.3157894737,0.1929824561,0.0175438596
"Pork, Luncheon Meat,Ckd Ham,Rg",2 Slices,57,105,6,2,10,1.8421052632,0.1754385965,0.0350877193
Potato Chips,10 Chips,20,105,7,10,1,5.25,0.05,0.5
Potato Salad Made W/ Mayonnais,1 Cup,250,360,21,28,7,1.44,0.028,0.112
"Potatoes, Au Gratin, From Mix",1 Cup,245,230,10,31,6,0.9387755102,0.0244897959,0.1265306122
"Potatoes, Au Gratin, Home Recp",1 Cup,245,325,19,28,12,1.3265306122,0.0489795918,0.1142857143
"Potatoes, Baked Flesh Only",1 Potato,156,145,0,34,3,0.9294871795,0.0192307692,0.2179487179
"Potatoes, Baked With Skin",1 Potato,202,220,0,51,5,1.0891089109,0.0247524752,0.2524752475
"Potatoes, Boiled, Peeled After",1 Potato,136,120,0,27,3,0.8823529412,0.0220588235,0.1985294118
"Potatoes, Boiled, Peeled Befor",1 Potato,135,115,0,27,2,0.8518518519,0.0148148148,0.2
"Potatoes, Hashed Brown,Fr Frzn",1 Cup,156,340,18,44,5,2.1794871795,0.0320512821,0.2820512821
"Potatoes, Mashed,Frm Dehydrted",1 Cup,210,235,12,32,4,1.119047619,0.019047619,0.1523809524
"Potatoes, Mashed,Recpe,Mlk+Mar",1 Cup,210,225,9,35,4,1.0714285714,0.019047619,0.1666666667
"Potatoes, Mashed,Recpe,W/ Milk",1 Cup,210,160,1,37,4,0.7619047619,0.019047619,0.1761904762
"Potatoes, Scalloped, From Mix",1 Cup,245,230,11,31,5,0.9387755102,0.0204081633,0.1265306122
"Potatoes, Scalloped, Home Recp",1 Cup,245,210,9,26,7,0.8571428571,0.0285714286,0.106122449
"Potatoes,French-Frd,Frzn,Fried",10 Strip,50,160,8,20,2,3.2,0.04,0.4
"Potatoes,French-Frd,Frzn,Oven",10 Strip,50,110,4,17,2,2.2,0.04,0.34
"Pound Cake, Commercial",1 Loaf,500,1935,94,257,26,3.87,0.052,0.514
"Pound Cake, Commercial",1 Slice,29,110,5,15,2,3.7931034483,0.0689655172,0.5172413793
"Pound Cake, From Home Recipe",1 Loaf,514,2025,94,265,33,3.939688716,0.0642023346,0.5155642023
"Pound Cake, From Home Recipe",1 Slice,30,120,5,15,2,4,0.0666666667,0.5
"Pretzels, Stick",10 Pretz,3,10,0,2,0,3.3333333333,0,0.6666666667
"Pretzels, Twisted, Dutch",1 Pretz,16,65,1,13,2,4.0625,0.125,0.8125
"Pretzels, Twisted, Thin",10 Pretz,60,240,2,48,6,4,0.1,0.8
Product 19 Cereal,1 oz,28.35,110,0,24,3,3.8800705467,0.1058201058,0.8465608466
Provolone Cheese,1 oz,28.35,100,8,1,7,3.5273368607,0.2469135802,0.0352733686
"Prune Juice, Canned",1 Cup,256,180,0,45,2,0.703125,0.0078125,0.17578125
"Prunes, Dried",5 Large,49,115,0,31,1,2.3469387755,0.0204081633,0.6326530612
"Prunes, Dried, Cooked,Unswtned",1 Cup,212,225,0,60,2,1.0613207547,0.0094339623,0.2830188679
"Pudding, Choc, Cooked From Mix",1/2 Cup,130,150,4,25,4,1.1538461538,0.0307692308,0.1923076923
"Pudding, Choc, Instant, Fr Mix",1/2 Cup,130,155,4,27,4,1.1923076923,0.0307692308,0.2076923077
"Pudding, Chocolate,Canned",5 oz,142,205,11,30,3,1.4436619718,0.0211267606,0.2112676056
"Pudding, Rice, From Mix",1/2 Cup,132,155,4,27,4,1.1742424242,0.0303030303,0.2045454545
"Pudding, Tapioca, Canned",5 oz,142,160,5,28,3,1.1267605634,0.0211267606,0.1971830986
"Pudding, Tapioca, From Mix",1/2 Cup,130,145,4,25,4,1.1153846154,0.0307692308,0.1923076923
"Pudding, Vanilla, Canned",5 oz,142,220,10,33,2,1.5492957746,0.014084507,0.2323943662
"Pudding, Vnlla,Cooked From Mix",1/2 Cup,130,145,4,25,4,1.1153846154,0.0307692308,0.1923076923
"Pudding, Vnlla,Instant Frm Mix",1/2 Cup,130,150,4,27,4,1.1538461538,0.0307692308,0.2076923077
Pumpernickel Bread,1 Loaf,454,1160,16,218,42,2.5550660793,0.0925110132,0.4801762115
Pumpernickel Bread,1 Slice,32,80,1,16,3,2.5,0.09375,0.5
"Pumpernickel Bread, Toasted",1 Slice,29,80,1,16,3,2.7586206897,0.1034482759,0.5517241379
Pumpkin And Squash Kernels,1 oz,28.35,155,13,5,7,5.467372134,0.2469135802,0.176366843
Pumpkin Pie,1 Pie,910,1920,102,223,36,2.1098901099,0.0395604396,0.2450549451
Pumpkin Pie,1 Piece,152,320,17,37,6,2.1052631579,0.0394736842,0.2434210526
"Pumpkin, Canned",1 Cup,245,85,1,20,3,0.3469387755,0.012244898,0.0816326531
"Pumpkin, Cooked From Raw",1 Cup,245,50,0,12,2,0.2040816327,0.0081632653,0.0489795918
Quiche Lorraine,1 Slice,176,600,48,29,13,3.4090909091,0.0738636364,0.1647727273
"Radishes, Raw",4 Radish,18,5,0,1,0,0.2777777778,0,0.0555555556
"Raisin Bran, Kellogg's",1 oz,28.35,90,1,21,3,3.1746031746,0.1058201058,0.7407407407
"Raisin Bran, Post",1 oz,28.35,85,1,21,3,2.9982363316,0.1058201058,0.7407407407
Raisin Bread,1 Loaf,454,1260,18,239,37,2.7753303965,0.0814977974,0.5264317181
Raisin Bread,1 Slice,25,65,1,13,2,2.6,0.08,0.52
"Raisin Bread, Toasted",1 Slice,21,65,1,13,2,3.0952380952,0.0952380952,0.619047619
Raisins,1 Cup,145,435,1,115,5,3,0.0344827586,0.7931034483
Raisins,1 Packet,14,40,0,11,0,2.8571428571,0,0.7857142857
"Raspberries, Frozen, Sweetened",10 oz,284,295,0,74,2,1.0387323944,0.0070422535,0.2605633803
"Raspberries, Frozen, Sweetened",1 Cup,250,255,0,65,2,1.02,0.008,0.26
"Raspberries, Raw",1 Cup,123,60,1,14,1,0.487804878,0.0081300813,0.1138211382
"Red Kidney Beans, Dry, Canned",1 Cup,255,230,1,42,15,0.9019607843,0.0588235294,0.1647058824
"Refried Beans, Canned",1 Cup,290,295,3,51,18,1.0172413793,0.0620689655,0.175862069
"Relish, Sweet",1 Tbsp,15,20,0,5,0,1.3333333333,0,0.3333333333
"Rhubarb, Cooked, Added Sugar",1 Cup,240,280,0,75,1,1.1666666667,0.0041666667,0.3125
Rice Krispies Cereal,1 oz,28.35,110,0,25,2,3.8800705467,0.0705467372,0.8818342152
"Rice, Brown, Cooked",1 Cup,195,230,1,50,5,1.1794871795,0.0256410256,0.2564102564
"Rice, White, Cooked",1 Cup,205,225,0,50,4,1.0975609756,0.0195121951,0.243902439
"Rice, White, Instant, Cooked",1 Cup,165,180,0,40,4,1.0909090909,0.0242424242,0.2424242424
"Rice, White, Parboiled, Cooked",1 Cup,175,185,0,41,4,1.0571428571,0.0228571429,0.2342857143
"Rice, White, Parboiled, Raw",1 Cup,185,685,1,150,14,3.7027027027,0.0756756757,0.8108108108
"Rice, White, Raw",1 Cup,185,670,1,149,12,3.6216216216,0.0648648649,0.8054054054
"Ricotta Cheese, Part Skim Milk",1 Cup,246,340,19,13,28,1.3821138211,0.1138211382,0.0528455285
"Ricotta Cheese, Whole Milk",1 Cup,246,430,32,7,28,1.7479674797,0.1138211382,0.0284552846
Roast Beef Sandwich,1 Sandwh,150,345,13,34,22,2.3,0.1466666667,0.2266666667
"Rolls, Dinner, Commercial",1 Roll,28,85,2,14,2,3.0357142857,0.0714285714,0.5
"Rolls, Dinner, Home Recipe",1 Roll,35,120,3,20,3,3.4285714286,0.0857142857,0.5714285714
"Rolls, Frankfurter + Hamburger",1 Roll,40,115,2,20,3,2.875,0.075,0.5
"Rolls, Hard",1 Roll,50,155,2,30,5,3.1,0.1,0.6
"Rolls, Hoagie Or Submarine",1 Roll,135,400,8,72,11,2.962962963,0.0814814815,0.5333333333
Root Beer,12 fl oz,370,165,0,42,0,0.4459459459,0,0.1135135135
"Rye Bread, Light",1 Loaf,454,1190,17,218,38,2.6211453744,0.0837004405,0.4801762115
"Rye Bread, Light",1 Slice,25,65,1,12,2,2.6,0.08,0.48
"Rye Bread, Light, Toasted",1 Slice,22,65,1,12,2,2.9545454545,0.0909090909,0.5454545455
"Rye Wafers, Whole-Grain",2 Wafers,14,55,1,10,1,3.9285714286,0.0714285714,0.7142857143
Safflower Oil,1 Cup,218,1925,218,0,0,8.8302752294,0,0
Safflower Oil,1 Tbsp,14,125,14,0,0,8.9285714286,0,0
"Salami, Cooked Type",2 Slices,57,145,11,1,8,2.5438596491,0.1403508772,0.0175438596
"Salami, Dry Type",2 Slices,20,85,7,1,5,4.25,0.25,0.05
"Salmon, Baked, Red",3 oz,85,140,5,0,21,1.6470588235,0.2470588235,0
"Salmon, Canned, Pink, W/ Bones",3 oz,85,120,5,0,17,1.4117647059,0.2,0
"Salmon, Smoked",3 oz,85,150,8,0,18,1.7647058824,0.2117647059,0
Salt,1 Tsp,5.5,0,0,0,0,0,0,0
Saltines,4 Crackr,12,50,1,9,1,4.1666666667,0.0833333333,0.75
"Sandwich Spread, Pork, Beef",1 Tbsp,15,35,3,2,1,2.3333333333,0.0666666667,0.1333333333
Sandwich Type Cookie,4 Cookie,40,195,8,29,2,4.875,0.05,0.725
"Sardines, Atlntc,Cnned,Oil,Drn",3 oz,85,175,9,0,20,2.0588235294,0.2352941176,0
"Sauerkraut, Canned",1 Cup,236,45,0,10,2,0.1906779661,0.0084745763,0.0423728814
"Scallops, Breaded, Frzn,Reheat",6 Scalop,90,195,10,10,15,2.1666666667,0.1666666667,0.1111111111
"Seaweed, Kelp, Raw",1 oz,28.35,10,0,3,0,0.3527336861,0,0.1058201058
"Seaweed, Spirulina, Dried",1 oz,28.35,80,2,7,16,2.8218694885,0.5643738977,0.2469135802
"Self-Rising Flour, Unsifted",1 Cup,125,440,1,93,12,3.52,0.096,0.744
Semisweet Chocolate,1 Cup,170,860,61,97,7,5.0588235294,0.0411764706,0.5705882353
Sesame Seeds,1 Tbsp,8,45,4,1,2,5.625,0.25,0.125
"Shakes, Thick, Chocolate",10 oz,283,335,8,60,9,1.183745583,0.0318021201,0.2120141343
"Shakes, Thick, Vanilla",10 oz,283,315,9,50,11,1.1130742049,0.038869258,0.1766784452
"Sheetcake W/O Frstng,recipe",1 Cake,777,2830,108,434,35,3.6422136422,0.045045045,0.5585585586
"Sheetcake,W/ Whfrstng,recipe",1 Cake,1096,4020,129,694,37,3.6678832117,0.0337591241,0.6332116788
"Sheetcake,W/ Whfrstng,recipe",1 Piece,121,445,14,77,4,3.6776859504,0.0330578512,0.6363636364
"Sheetcake,W/O Frstng,recipe",1 Piece,86,315,12,48,4,3.6627906977,0.0465116279,0.5581395349
"Sherbet, 2% Fat",1/2 Gal,1542,2160,31,469,17,1.4007782101,0.0110246433,0.304150454
"Sherbet, 2% Fat",1 Cup,193,270,4,59,2,1.3989637306,0.0103626943,0.3056994819
"Shortbread Cookie, Commercial",4 Cookie,32,155,8,20,2,4.84375,0.0625,0.625
"Shortbread Cookie, Home Recipe",2 Cookie,28,145,8,17,2,5.1785714286,0.0714285714,0.6071428571
Shredded Wheat Cereal,1 oz,28.35,100,1,23,3,3.5273368607,0.1058201058,0.811287478
"Shrimp, Canned, Drained",3 oz,85,100,1,1,21,1.1764705882,0.2470588235,0.0117647059
"Shrimp, French Fried",3 oz,85,200,10,11,16,2.3529411765,0.1882352941,0.1294117647
"Snack Cakes,Devils Food,Cremfl",Sm Cake,28,105,4,17,1,3.75,0.0357142857,0.6071428571
"Snack Cakes,Sponge Creme Fllng",Sm Cake,42,155,5,27,1,3.6904761905,0.0238095238,0.6428571429
Snack Type Crackers,1 Crackr,3,15,1,2,0,5,0,0.6666666667
"Snap Bean,Cnnd,Drnd,Green,Salt",1 Cup,135,25,0,6,2,0.1851851852,0.0148148148,0.0444444444
"Snap Bean,Cnnd,Drnd,Grn,Nosalt",1 Cup,135,25,0,6,2,0.1851851852,0.0148148148,0.0444444444
"Snap Bean,Cnnd,Drnd,Yllw, Salt",1 Cup,135,25,0,6,2,0.1851851852,0.0148148148,0.0444444444
"Snap Bean,Cnnd,Drnd,Yllw,Nosal",1 Cup,135,25,0,6,2,0.1851851852,0.0148148148,0.0444444444
"Snap Bean,Frz,Ckd,Drnd,Green",1 Cup,135,35,0,8,2,0.2592592593,0.0148148148,0.0592592593
"Snap Bean,Frz,Ckd,Drnd,Yellow",1 Cup,135,35,0,8,2,0.2592592593,0.0148148148,0.0592592593
"Snap Bean,Raw,Ckd,Drnd,Green",1 Cup,125,45,0,10,2,0.36,0.016,0.08
"Snap Bean,Raw,Ckd,Drnd,Yellow",1 Cup,125,45,0,10,2,0.36,0.016,0.08
Sour Cream,1 Cup,230,495,48,10,7,2.152173913,0.0304347826,0.0434782609
Sour Cream,1 Tbsp,12,25,3,1,0,2.0833333333,0,0.0833333333
Soy Sauce,1 Tbsp,18,10,0,2,2,0.5555555556,0.1111111111,0.1111111111
"Soybean Oil, Hydrogenated",1 Cup,218,1925,218,0,0,8.8302752294,0,0
"Soybean Oil, Hydrogenated",1 Tbsp,14,125,14,0,0,8.9285714286,0,0
"Soybean-Cottonseed Oil, Hydrgn",1 Cup,218,1925,218,0,0,8.8302752294,0,0
"Soybean-Cottonseed Oil, Hydrgn",1 Tbsp,14,125,14,0,0,8.9285714286,0,0
"Soybeans, Dry, Cooked, Drained",1 Cup,180,235,10,19,20,1.3055555556,0.1111111111,0.1055555556
"Spaghetti, Cooked, Firm",1 Cup,130,190,1,39,7,1.4615384615,0.0538461538,0.3
"Spaghetti, Cooked, Tender",1 Cup,140,155,1,32,5,1.1071428571,0.0357142857,0.2285714286
"Spaghetti, Tom Sauce Chee,Hmrp",1 Cup,250,260,9,37,9,1.04,0.036,0.148
"Spaghetti, Tom Sauce Chees,Cnd",1 Cup,250,190,2,39,6,0.76,0.024,0.156
"Spaghetti,Meatballs,Tomsa,Hmrp",1 Cup,248,330,12,39,19,1.3306451613,0.0766129032,0.1572580645
"Spaghetti,Meatballs,Tomsac,Cnd",1 Cup,250,260,10,29,12,1.04,0.048,0.116
Special K Cereal,1 oz,28.35,110,0,21,6,3.8800705467,0.2116402116,0.7407407407
Spinach Souffle,1 Cup,136,220,18,3,11,1.6176470588,0.0808823529,0.0220588235
"Spinach, Canned, Drnd,W/ Salt",1 Cup,214,50,1,7,6,0.2336448598,0.0280373832,0.0327102804
"Spinach, Canned, Drnd,W/O Salt",1 Cup,214,50,1,7,6,0.2336448598,0.0280373832,0.0327102804
"Spinach, Cooked Fr Frzen, Drnd",1 Cup,190,55,0,10,6,0.2894736842,0.0315789474,0.0526315789
"Spinach, Cooked From Raw, Drnd",1 Cup,180,40,0,7,5,0.2222222222,0.0277777778,0.0388888889
"Spinach, Raw",1 Cup,55,10,0,2,2,0.1818181818,0.0363636364,0.0363636364
"Squash, Summer, Cooked, Draind",1 Cup,180,35,1,8,2,0.1944444444,0.0111111111,0.0444444444
"Squash, Winter, Baked",1 Cup,205,80,1,18,2,0.3902439024,0.0097560976,0.087804878
"Strawberries, Frozen, Sweetend",10 oz,284,275,0,74,2,0.9683098592,0.0070422535,0.2605633803
"Strawberries, Frozen, Sweetend",1 Cup,255,245,0,66,1,0.9607843137,0.0039215686,0.2588235294
"Strawberries, Raw",1 Cup,149,45,1,10,1,0.3020134228,0.0067114094,0.067114094
"Sugar Cookie, From Refrig Dogh",4 Cookie,48,235,12,31,2,4.8958333333,0.0416666667,0.6458333333
"Sugar Frosted Flakes, Kellogg",1 oz,28.35,110,0,26,1,3.8800705467,0.0352733686,0.9171075838
Sugar Smacks Cereal,1 oz,28.35,105,1,25,2,3.7037037037,0.0705467372,0.8818342152
"Sugar, Brown, Pressed Down",1 Cup,220,820,0,212,0,3.7272727273,0,0.9636363636
"Sugar, Powdered, Sifted",1 Cup,100,385,0,100,0,3.85,0,1
"Sugar, White, Granulated",1 Cup,200,770,0,199,0,3.85,0,0.995
"Sugar, White, Granulated",1 Tbsp,12,45,0,12,0,3.75,0,1
"Sugar, White, Granulated",1 Pkt,6,25,0,6,0,4.1666666667,0,1
Sunflower Oil,1 Cup,218,1925,218,0,0,8.8302752294,0,0
Sunflower Oil,1 Tbsp,14,125,14,0,0,8.9285714286,0,0
Sunflower Seeds,1 oz,28.35,160,14,5,6,5.6437389771,0.2116402116,0.176366843
Super Sugar Crisp Cereal,1 oz,28.35,105,0,26,2,3.7037037037,0.0705467372,0.9171075838
Sweet (Dark) Chocolate,1 oz,28.35,150,10,16,1,5.291005291,0.0352733686,0.5643738977
Sweetened Condensed Milk Cnnd,1 Cup,306,980,27,166,24,3.2026143791,0.0784313725,0.5424836601
"Sweetpotatoes, Baked, Peeled",1 Potato,114,115,0,28,2,1.0087719298,0.0175438596,0.2456140351
"Sweetpotatoes, Boiled W/O Peel",1 Potato,151,160,0,37,2,1.059602649,0.0132450331,0.2450331126
"Sweetpotatoes, Candied",1 Piece,105,145,3,29,1,1.380952381,0.0095238095,0.2761904762
"Sweetpotatoes, Canned, Mashed",1 Cup,255,260,1,59,5,1.0196078431,0.0196078431,0.231372549
"Sweetpotatoes, Cnned, Vac Pack",1 Piece,40,35,0,8,1,0.875,0.025,0.2
Swiss Cheese,1 oz,28.35,105,8,1,8,3.7037037037,0.2821869489,0.0352733686
"Syrup, Chocolate Flavored Thin",2 Tbsp,38,85,0,22,1,2.2368421053,0.0263157895,0.5789473684
"Syrup, Chocolate Flvred, Fudge",2 Tbsp,38,125,5,21,2,3.2894736842,0.0526315789,0.5526315789
Table Syrup (Corn And Maple),2 Tbsp,42,122,0,32,0,2.9047619048,0,0.7619047619
Taco,1 Taco,81,195,11,15,9,2.4074074074,0.1111111111,0.1851851852
Tahini,1 Tbsp,15,90,8,3,3,6,0.2,0.2
"Tangerine Juice, Canned,Swtned",1 Cup,249,125,0,30,1,0.5020080321,0.0040160643,0.1204819277
"Tangerines, Canned, Light Syrp",1 Cup,252,155,0,41,1,0.6150793651,0.003968254,0.1626984127
"Tangerines, Raw",1 Tangrn,84,35,0,9,1,0.4166666667,0.0119047619,0.1071428571
Tartar Sauce,1 Tbsp,14,75,8,1,0,5.3571428571,0,0.0714285714
"Tea, Brewed",8 fl oz,240,0,0,0,0,0,0,0
"Tea, Instant,Preprd,Unsweetend",8 fl oz,241,0,0,1,0,0,0,0.0041493776
"Tea,Instant,Prepard,Sweetened",8 fl oz,262,85,0,22,0,0.3244274809,0,0.0839694656
Toaster Pastries,1 Pastry,54,210,6,38,2,3.8888888889,0.037037037,0.7037037037
Tofu,1 Piece,120,85,5,3,9,0.7083333333,0.075,0.025
"Tomato Juice, Canned W/O Salt",1 Cup,244,40,0,10,2,0.1639344262,0.0081967213,0.0409836066
"Tomato Juice, Canned With Salt",1 Cup,244,40,0,10,2,0.1639344262,0.0081967213,0.0409836066
"Tomato Paste, Canned W/O Salt",1 Cup,262,220,2,49,10,0.8396946565,0.0381679389,0.1870229008
"Tomato Paste, Canned With Salt",1 Cup,262,220,2,49,10,0.8396946565,0.0381679389,0.1870229008
"Tomato Puree, Canned W/O Salt",1 Cup,250,105,0,25,4,0.42,0.016,0.1
"Tomato Puree, Canned With Salt",1 Cup,250,105,0,25,4,0.42,0.016,0.1
"Tomato Sauce, Canned With Salt",1 Cup,245,75,0,18,3,0.306122449,0.012244898,0.0734693878
"Tomato Soup W/ Water, Canned",1 Cup,244,85,2,17,2,0.3483606557,0.0081967213,0.0696721311
"Tomato Soup With Milk, Canned",1 Cup,248,160,6,22,6,0.6451612903,0.0241935484,0.0887096774
"Tomato Veg Soup, Dehyd,Prepred",1 Pkt,189,40,1,8,1,0.2116402116,0.0052910053,0.0423280423
"Tomatoes, Canned, S+L, W/ Salt",1 Cup,240,50,1,10,2,0.2083333333,0.0083333333,0.0416666667
"Tomatoes, Canned, S+L,W/O Salt",1 Cup,240,50,1,10,2,0.2083333333,0.0083333333,0.0416666667
"Tomatoes, Raw",1 Tomato,123,25,0,5,1,0.2032520325,0.0081300813,0.0406504065
"Tortillas, Corn",1 Tortla,30,65,1,13,2,2.1666666667,0.0666666667,0.4333333333
Total Cereal,1 oz,28.35,100,1,22,3,3.5273368607,0.1058201058,0.7760141093
Trix Cereal,1 oz,28.35,110,0,25,2,3.8800705467,0.0705467372,0.8818342152
"Trout, Broiled, W/ Buttr,Lemju",3 oz,85,175,9,0,21,2.0588235294,0.2470588235,0
Tuna Salad,1 Cup,205,375,19,19,33,1.8292682927,0.1609756098,0.0926829268
"Tuna, Cannd, Drnd,Oil,Chk,Lght",3 oz,85,165,7,0,24,1.9411764706,0.2823529412,0
"Tuna, Cannd, Drnd,Watr, White",3 oz,85,135,1,0,30,1.5882352941,0.3529411765,0
"Turkey Ham, Cured Turkey Thigh",2 Slices,57,75,3,0,11,1.3157894737,0.1929824561,0
"Turkey Loaf, Breast Meat W/O C",2 Slices,42,45,1,0,10,1.0714285714,0.2380952381,0
"Turkey Loaf, Breast Meat, W/ C",2 Slices,42,45,1,0,10,1.0714285714,0.2380952381,0
"Turkey Patties, Brd,Battd,Frid",1 Patty,64,180,12,10,9,2.8125,0.140625,0.15625
"Turkey Roast, Frzn,Lght+Drk,Ck",3 oz,85,130,5,3,18,1.5294117647,0.2117647059,0.0352941176
"Turkey, Roasted, Dark Meat",4 Pieces,85,160,6,0,24,1.8823529412,0.2823529412,0
"Turkey, Roasted, Light + Dark",1 Cup,140,240,7,0,41,1.7142857143,0.2928571429,0
"Turkey, Roasted, Light + Dark",3 Pieces,85,145,4,0,25,1.7058823529,0.2941176471,0
"Turkey, Roasted, Light Meat",2 Pieces,85,135,3,0,25,1.5882352941,0.2941176471,0
"Turnip Greens, Cked Frm Frozen",1 Cup,164,50,1,8,5,0.3048780488,0.0304878049,0.0487804878
"Turnip Greens, Cooked From Raw",1 Cup,144,30,0,6,2,0.2083333333,0.0138888889,0.0416666667
"Turnips, Cooked, Diced",1 Cup,156,30,0,8,1,0.1923076923,0.0064102564,0.0512820513
Vanilla Wafers,10 Cooke,40,185,7,29,2,4.625,0.05,0.725
"Veal Cutlet, Med Fat,Brsd,Brld",3 oz,85,185,9,0,23,2.1764705882,0.2705882353,0
"Veal Rib, Med Fat, Roasted",3 oz,85,230,14,0,23,2.7058823529,0.2705882353,0
"Vegetable Beef Soup, Canned",1 Cup,244,80,2,10,6,0.3278688525,0.0245901639,0.0409836066
"Vegetable Juice Cocktail, Cnnd",1 Cup,242,45,0,11,2,0.1859504132,0.0082644628,0.0454545455
"Vegetables, Mixed, Canned",1 Cup,163,75,0,15,4,0.4601226994,0.0245398773,0.0920245399
"Vegetables, Mixed, Cked Fr Frz",1 Cup,182,105,0,24,5,0.5769230769,0.0274725275,0.1318681319
"Vegetarian Soup, Canned",1 Cup,241,70,2,12,2,0.2904564315,0.0082987552,0.0497925311
Vienna Bread,1 Slice,25,70,1,13,2,2.8,0.08,0.52
Vienna Sausage,1 Sausag,16,45,4,0,2,2.8125,0.125,0
Vinegar And Oil Salad Dressing,1 Tbsp,16,70,8,0,0,4.375,0,0
"Vinegar, Cider",1 Tbsp,15,0,0,1,0,0,0,0.0666666667
"Waffles, From Home Recipe",1 Waffle,75,245,13,26,7,3.2666666667,0.0933333333,0.3466666667
"Waffles, From Mix",1 Waffle,75,205,8,27,7,2.7333333333,0.0933333333,0.36
"Walnuts, Black, Chopped",1 Cup,125,760,71,15,30,6.08,0.24,0.12
"Walnuts, Black, Chopped",1 oz,28.35,170,16,3,7,5.9964726631,0.2469135802,0.1058201058
"Walnuts, English, Pieces",1 Cup,120,770,74,22,17,6.4166666667,0.1416666667,0.1833333333
"Walnuts, English, Pieces",1 oz,28.35,180,18,5,4,6.3492063492,0.1410934744,0.176366843
"Water Chestnuts, Canned",1 Cup,140,70,0,17,1,0.5,0.0071428571,0.1214285714
"Watermelon, Raw",1 Piece,482,155,2,35,3,0.3215767635,0.0062240664,0.0726141079
"Watermelon, Raw, Diced",1 Cup,160,50,1,11,1,0.3125,0.00625,0.06875
Wheat Bread,1 Loaf,454,1160,19,213,43,2.5550660793,0.0947136564,0.4691629956
Wheat Bread,1 Slice,25,65,1,12,2,2.6,0.08,0.48
"Wheat Bread, Toasted",1 Slice,23,65,1,12,3,2.8260869565,0.1304347826,0.5217391304
"Wheat Flour, All-Purpose,Siftd",1 Cup,115,420,1,88,12,3.652173913,0.1043478261,0.7652173913
"Wheat Flour, All-Purpose,Unsif",1 Cup,125,455,1,95,13,3.64,0.104,0.76
"Wheat, Thin Crackers",4 Crackr,8,35,1,5,1,4.375,0.125,0.625
Wheaties Cereal,1 oz,28.35,100,0,23,3,3.5273368607,0.1058201058,0.811287478
"Whipped Topping, Pressurized",1 Cup,60,155,13,7,2,2.5833333333,0.0333333333,0.1166666667
"Whipped Topping, Pressurized",1 Tbsp,3,10,1,0,0,3.3333333333,0,0
"Whipping Cream, Unwhiped,Heavy",1 Cup,238,820,88,7,5,3.4453781513,0.0210084034,0.0294117647
"Whipping Cream, Unwhiped,Heavy",1 Tbsp,15,50,6,0,0,3.3333333333,0,0
"Whipping Cream, Unwhiped,Light",1 Cup,239,700,74,7,5,2.9288702929,0.0209205021,0.0292887029
"Whipping Cream, Unwhiped,Light",1 Tbsp,15,45,5,0,0,3,0,0
White Bread,1 Loaf,454,1210,18,222,38,2.6651982379,0.0837004405,0.4889867841
"White Bread Crumbs, Soft",1 Cup,45,120,2,22,4,2.6666666667,0.0888888889,0.4888888889
White Bread Cubes,1 Cup,30,80,1,15,2,2.6666666667,0.0666666667,0.5
"White Bread, Slice 18 Per Loaf",1 Slice,25,65,1,12,2,2.6,0.08,0.48
"White Bread, Slice 22 Per Loaf",1 Slice,20,55,1,10,2,2.75,0.1,0.5
"White Bread, Toasted 18 Per",1 Slice,22,65,1,12,2,2.9545454545,0.0909090909,0.5454545455
"White Bread, Toasted 22 Per",1 Slice,17,55,1,10,2,3.2352941176,0.1176470588,0.5882352941
"White Cake W/ Wht Frstng,Comml",1 Cake,1140,4170,148,670,43,3.6578947368,0.0377192982,0.5877192982
"White Cake W/ Wht Frstng,Comml",1 Piece,71,260,9,42,3,3.661971831,0.0422535211,0.5915492958
White Sauce W/ Milk From Mix,1 Cup,264,240,13,21,10,0.9090909091,0.0378787879,0.0795454545
"White Sauce, Medium, Home Recp",1 Cup,250,395,30,24,10,1.58,0.04,0.096
Whole-Wheat Bread,1 Loaf,454,1110,20,206,44,2.4449339207,0.0969162996,0.4537444934
Whole-Wheat Bread,1 Slice,28,70,1,13,3,2.5,0.1071428571,0.4642857143
"Whole-Wheat Bread, Toasted",1 Slice,25,70,1,13,3,2.8,0.12,0.52
"Whole-Wheat Flour,Hrd Wht,Stir",1 Cup,120,400,2,85,16,3.3333333333,0.1333333333,0.7083333333
"Whole-Wheat Wafers, Crackers",2 Crackr,8,35,2,5,1,4.375,0.125,0.625
"Wine, Dessert",3.5 fl oz,103,140,0,8,0,1.359223301,0,0.0776699029
"Wine, Table, Red",3.5 fl oz,102,75,0,3,0,0.7352941176,0,0.0294117647
"Wine, Table, White",3.5 fl oz,102,80,0,3,0,0.7843137255,0,0.0294117647
"Yeast, Bakers, Dry, Active",1 Pkg,7,20,0,3,3,2.8571428571,0.4285714286,0.4285714286
"Yeast, Brewers, Dry",1 Tbsp,8,25,0,3,3,3.125,0.375,0.375
"Yellow Cake W/ Choc Frst,Frmix",1 Cake,1108,3735,125,638,45,3.3709386282,0.0406137184,0.5758122744
"Yellow Cake W/ Choc Frst,Frmix",1 Piece,69,235,8,40,3,3.4057971014,0.0434782609,0.5797101449
"Yellowcake W/ Chocfrstng,Comml",1 Cake,1108,3895,175,620,40,3.5153429603,0.036101083,0.559566787
"Yellowcake W/ Chocfrstng,Comml",1 Piece,69,245,11,39,2,3.5507246377,0.0289855072,0.5652173913
"Yogurt, W/ Lofat Milk, Plain",8 oz,227,145,4,16,12,0.6387665198,0.0528634361,0.0704845815
"Yogurt, W/ Lofat Milk,Fruitflv",8 oz,227,230,2,43,10,1.013215859,0.0440528634,0.1894273128
"Yogurt, W/ Nonfat Milk",8 oz,227,125,0,17,13,0.550660793,0.0572687225,0.0748898678
"Yogurt, W/ Whole Milk",8 oz,227,140,7,11,8,0.6167400881,0.0352422907,0.0484581498
